grid_id,grid_area_sq_km,county_population,population_per_sq_km,primary_road_km,primary_road_km_per_100_sq_km,log_population_density
AK_53.0_-167.0,7385.240727241412,,,0.0,0.0,
AK_60.0_-157.0,6123.027881075056,4724.0,0.09947463986763401,0.0,0.0,0.09483246559672782
AK_60.0_-151.0,6123.027881074892,60413.0,1.456249234247787,0.0,0.0,0.8986354848787595
AK_61.0_-152.0,5934.399901666615,112988.0,1.7656665350347274,0.0,0.0,1.017281667419025
AK_61.0_-150.0,5934.399901666655,112988.0,1.7656665350347274,314.7096118702934,5.303141296256565,1.017281667419025
AK_62.0_-159.0,5743.862968398373,5195.0,0.013760121047896846,0.0,0.0,0.013666310168693092
AK_62.0_-156.0,5743.862968398166,5195.0,0.013760121047896846,0.0,0.0,0.013666310168693092
AK_62.0_-151.0,5743.862968398193,112988.0,1.7656665350347274,0.0,0.0,1.017281667419025
AK_63.0_-163.0,5551.47562262229,9866.0,0.16583956536170186,0.0,0.0,0.15344148443195854
AK_63.0_-158.0,5551.4756226220625,5195.0,0.013760121047896846,0.0,0.0,0.013666310168693092
AK_63.0_-156.0,5551.475622622099,5195.0,0.013760121047896846,0.0,0.0,0.013666310168693092
AK_63.0_-153.0,5551.475622622164,1969.0,0.060140196783992024,0.0,0.0,0.05840116049521899
AK_63.0_-152.0,5551.475622622236,1969.0,0.060140196783992024,0.0,0.0,0.05840116049521899
AK_63.0_-149.0,5551.475622622072,1969.0,0.060140196783992024,0.0,0.0,0.05840116049521899
AK_63.0_-147.0,5551.475622622231,7068.0,0.109896119971928,0.0,0.0,0.10426642533396058
AK_63.0_-146.0,5551.475622622128,7068.0,0.109896119971928,0.0,0.0,0.10426642533396058
AK_64.0_-157.0,5357.297248069077,5195.0,0.013760121047896846,0.0,0.0,0.013666310168693092
AK_64.0_-152.0,5357.297248069069,5195.0,0.013760121047896846,0.0,0.0,0.013666310168693092
AK_64.0_-151.0,5357.297248068896,5195.0,0.013760121047896846,0.0,0.0,0.013666310168693092
AK_64.0_-149.0,5357.29724806887,5195.0,0.013760121047896846,0.0,0.0,0.013666310168693092
AK_64.0_-148.0,5357.2972480690305,95460.0,5.02497617214966,0.0,0.0,1.7959135245389664
AK_64.0_-147.0,5357.297248068997,95460.0,5.02497617214966,0.0,0.0,1.7959135245389664
AK_64.0_-146.0,5357.297248068975,95460.0,5.02497617214966,0.0,0.0,1.7959135245389664
AK_64.0_-142.0,5357.297248068936,7068.0,0.109896119971928,0.0,0.0,0.10426642533396058
AK_65.0_-165.0,5161.388050853389,9866.0,0.16583956536170186,0.0,0.0,0.15344148443195854
AK_65.0_-160.0,5161.388050853462,9866.0,0.16583956536170186,0.0,0.0,0.15344148443195854
AK_65.0_-151.0,5161.388050853392,5195.0,0.013760121047896846,0.0,0.0,0.013666310168693092
AK_65.0_-150.0,5161.388050853645,5195.0,0.013760121047896846,0.0,0.0,0.013666310168693092
AK_65.0_-149.0,5161.388050853388,5195.0,0.013760121047896846,0.0,0.0,0.013666310168693092
AK_65.0_-146.0,5161.388050853482,5195.0,0.013760121047896846,0.0,0.0,0.013666310168693092
AK_65.0_-145.0,5161.38805085358,5195.0,0.013760121047896846,0.0,0.0,0.013666310168693092
AK_65.0_-144.0,5161.388050853447,5195.0,0.013760121047896846,0.0,0.0,0.013666310168693092
AK_65.0_-143.0,5161.388050853523,5195.0,0.013760121047896846,0.0,0.0,0.013666310168693092
AK_66.0_-165.0,4963.809038448744,9866.0,0.16583956536170186,0.0,0.0,0.15344148443195854
AK_66.0_-160.0,4963.809038448947,7441.0,0.08053965844555347,0.0,0.0,0.0774606000816603
AK_66.0_-159.0,4963.809038448927,7441.0,0.08053965844555347,0.0,0.0,0.0774606000816603
AK_66.0_-158.0,4963.809038448773,7441.0,0.08053965844555347,0.0,0.0,0.0774606000816603
AK_66.0_-152.0,4963.80903844899,5195.0,0.013760121047896846,0.0,0.0,0.013666310168693092
AK_67.0_-158.0,4764.621997647759,7441.0,0.08053965844555347,0.0,0.0,0.0774606000816603
AK_67.0_-146.0,4764.621997647823,5195.0,0.013760121047896846,0.0,0.0,0.013666310168693092
AL_30.0_-89.0,10642.197041668172,145249.0,77.58575210801966,352.04521728406473,3.308012583357331,4.364190412113272
AL_30.0_-88.0,10642.197041668147,246989.0,59.98108569830896,362.4579040255881,3.405855976979481,4.110563745571983
AL_31.0_-89.0,10533.348313360355,19718.0,9.39066141213425,19.94625136103911,0.18936287652938957,2.3409074616157444
AL_31.0_-88.0,10533.348313360348,19388.0,7.298408180510628,162.36581261054013,1.5414453959012981,2.116063710928718
AL_31.0_-87.0,10533.348313360215,37628.0,14.097289641336449,158.47241153529615,1.5044827800320058,2.714515233758683
AL_31.0_-86.0,10533.348313360368,49599.0,34.12909481944823,0.0,0.0,3.559029699348795
AL_32.0_-89.0,10421.283794018442,71504.0,39.23378018509663,582.1173381162674,5.585850549913902,3.694706945879829
AL_32.0_-88.0,10421.283794018404,8031.0,4.30862386582297,120.24081842228668,1.1538004414705831,1.6693326426876312
AL_32.0_-87.0,10421.283794018298,59947.0,38.93594122773767,388.50547672890104,3.728000162052001,3.6872767010846634
AL_32.0_-86.0,10421.28379401844,18691.0,11.856494494197223,369.15048389117277,3.5422745526137196,2.553849091774301
AL_33.0_-89.0,10306.032377320418,57838.0,44.179291394918444,159.91636768414065,1.5516773267281265,3.810638826873445
AL_33.0_-88.0,10306.032377320409,237552.0,69.43927716167894,851.2132415567814,8.259368983062508,4.25475102181611
AL_33.0_-87.0,10306.032377320304,230211.0,113.16379069662058,885.0263676913927,8.587459608985922,4.737634177738366
AL_33.0_-86.0,10306.03237732041,15426.0,10.633713340952255,262.32511348556443,2.545355029767231,2.4539072054181377
AL_34.0_-89.0,10187.623958379381,25184.0,23.431191961128707,618.3347224941635,6.06946943684135,3.19586067495656
AL_34.0_-88.0,10187.62395837936,33276.0,18.60174021459861,121.86336263528872,1.196190231727739,2.9756183487543
AL_34.0_-87.0,10187.623958379241,405718.0,195.4169112884119,610.4854650231676,5.992422448229924,5.280239498569902
AL_34.0_-86.0,10187.623958379369,25036.0,30.85103824975825,509.0712382455598,4.996957488078919,3.461069979595445
AR_33.0_-95.0,10306.032377320407,92115.0,40.19010581925062,328.56093911083826,3.188044895277778,3.7181980774966585
AR_33.0_-94.0,10306.03237732041,19508.0,10.357647315927649,384.6317184811403,3.732102756901539,2.4298912893731694
AR_33.0_-93.0,10306.032377320407,4704.0,2.889314482400649,0.0,0.0,1.3582329164968523
AR_33.0_-92.0,10306.0323773204,17046.0,7.942270778747868,0.0,0.0,2.1907895590294286
AR_34.0_-95.0,10187.623958379376,30863.0,6.43850639432284,0.0,0.0,2.006670075240098
AR_34.0_-94.0,10187.623958379372,8553.0,4.231301478787773,153.30950976344712,1.5048603127655618,1.654660095835717
AR_34.0_-93.0,10187.623958379383,127479.0,68.02876081974563,1091.3667885147022,10.712672483528864,4.2345232412250615
AR_34.0_-92.0,10187.62395837938,16515.0,6.426991759556727,200.16967322603213,1.9648317806370486,2.0051208991613962
AR_34.0_-91.0,10187.62395837939,9475.0,8.055660059028577,111.20783740441234,1.0915973916856554,2.203389983104834
AR_35.0_-95.0,10066.089438823303,39860.0,22.848212574872278,451.5965122114684,4.486315315953111,3.171709270076075
AR_35.0_-94.0,10066.08943882331,26003.0,15.18906086862021,203.38375008868383,2.0204842339694,2.7843357591275373
AR_35.0_-93.0,10066.089438823306,15998.0,8.705068132837383,164.88230494741694,1.6379976151562108,2.2726482369814294
AR_35.0_-92.0,10066.089438823281,16712.0,10.183757984960964,469.52599703248444,4.664432994421831,2.414462545858264
AR_35.0_-91.0,10066.089438823295,22543.0,11.47824967080634,809.148487192939,8.038359803084829,2.523987102368556
AR_35.0_-90.0,10066.0894388233,61553.0,52.162368296026266,773.990787375655,7.689091102156278,3.973350783191802
AR_36.0_-95.0,9941.460731488813,23701.0,16.96375289764551,897.1235613268257,9.024061811009883,2.888355999711463
AR_36.0_-94.0,9941.460731488807,32048.0,26.678358971385034,39.075332822805414,0.3930542389916335,3.320650843276143
AR_36.0_-93.0,9941.46073148882,8873.0,4.598463368090165,0.0,0.0,1.722492161531604
AR_36.0_-92.0,9941.460731488827,8673.0,4.239650287364626,24.743990873666032,0.24889693317694558,1.6562547570532489
AR_36.0_-91.0,9941.460731488834,42020.0,23.35216045232768,83.85777952745352,0.8435156743298323,3.1926205705343627
AZ_31.0_-111.0,10533.348313360337,48926.0,15.280304095778481,177.75158373343,1.687512635540331,2.7899560395018144
AZ_31.0_-110.0,10533.34831336039,125566.0,7.807145150101038,0.0,0.0,2.175563340907111
AZ_32.0_-115.0,10421.283794018353,211741.0,14.827046534878573,202.47686000085614,1.942916669413365,2.7617202825678744
AZ_32.0_-112.0,10421.283794018402,1060490.0,44.5610641249512,284.76055992435795,2.7324902147641787,3.8190534948679242
AZ_32.0_-111.0,10421.283794018418,1060490.0,44.5610641249512,194.67945619341464,1.8680947572424451,3.8190534948679242
AZ_33.0_-114.0,10306.032377320378,16664.0,1.4308669199624657,250.67164099586503,2.4322807441154284,0.8882479509159434
AZ_33.0_-113.0,10306.03237732043,4559748.0,191.31989007979607,1584.1801071930408,15.371386865416852,5.259160079798198
AZ_33.0_-112.0,10306.032377320402,4559748.0,191.31989007979607,1095.8099580621858,10.632704400130164,5.259160079798198
AZ_33.0_-111.0,10306.0323773204,53795.0,4.365744222103261,0.0,0.0,1.6800350844684087
AZ_33.0_-110.0,10306.032377320456,39232.0,3.277361240616761,0.0,0.0,1.453336286893172
AZ_34.0_-115.0,10187.623958379296,2197104.0,42.271256714080266,309.9497749105928,3.042414759092672,3.767488597357452
AZ_34.0_-114.0,10187.623958379349,220517.0,6.3862393807420395,0.0,0.0,1.9996187259704405
AZ_34.0_-113.0,10187.623958379376,245480.0,11.668244546404456,157.09956661605068,1.5420628721463108,2.5390984327531294
AZ_34.0_-112.0,10187.623958379356,144508.0,2.9970883729876507,160.3003295344618,1.5734810215743606,1.3855661893140525
AZ_34.0_-111.0,10187.623958379365,108415.0,4.207174780670135,131.86590938210833,1.2943735450074993,1.6500374400991056
AZ_35.0_-114.0,10066.089438823288,220517.0,6.3862393807420395,250.31879740820207,2.4867531619852565,1.9996187259704405
AZ_35.0_-113.0,10066.089438823301,144508.0,2.9970883729876507,191.87018271457208,1.9061044895404902,1.3855661893140525
AZ_35.0_-112.0,10066.089438823272,144508.0,2.9970883729876507,343.802353885617,3.415451014766739,1.3855661893140525
AZ_36.0_-114.0,9941.460731488783,220517.0,6.3862393807420395,172.17697865978857,1.7319082508109873,1.9996187259704405
AZ_36.0_-113.0,9941.460731488845,144508.0,2.9970883729876507,0.0,0.0,1.3855661893140525
CA_32.0_-119.0,10421.28379401826,,,0.0,0.0,
CA_32.0_-117.0,10421.283794018309,,,345.33170224832753,3.3137155562978116,
CA_32.0_-116.0,10421.283794018544,,,190.16036491273144,1.8247307018150385,
CA_32.0_-115.0,10421.283794018353,211741.0,14.827046534878573,202.47686000085614,1.942916669413365,2.7617202825678744
CA_33.0_-121.0,10306.032377320535,,,0.0,0.0,
CA_33.0_-120.0,10306.032377320285,,,0.0,0.0,
CA_33.0_-119.0,10306.032377320273,9808667.0,932.7366997177073,984.7205450377285,9.554797704737766,6.8391944924020285
CA_33.0_-118.0,10306.032377320564,3288774.0,301.5827599459764,2486.826677280331,24.12981626908952,5.712354826651176
CA_33.0_-117.0,10306.032377320282,2478600.0,132.74505146716575,202.96436563874946,1.969374422744858,4.895935386715328
CA_33.0_-116.0,10306.032377320535,2478600.0,132.74505146716575,189.68199254900682,1.8404948248214437,4.895935386715328
CA_33.0_-115.0,10306.032377320334,16664.0,1.4308669199624657,342.27474105798365,3.3211106711754605,0.8882479509159434
CA_34.0_-121.0,10187.623958379505,443701.0,62.66188911300126,101.05783492174359,0.9919666777514072,4.153586096452942
CA_34.0_-120.0,10187.623958379254,443701.0,62.66188911300126,670.4084673087366,6.5806165406932795,4.153586096452942
CA_34.0_-119.0,10187.62395837924,9808667.0,932.7366997177073,2593.010024410173,25.45254943648998,6.8391944924020285
CA_34.0_-118.0,10187.623958379547,2197104.0,42.271256714080266,1639.4815955498138,16.0928750633881,3.767488597357452
CA_34.0_-117.0,10187.623958379234,2197104.0,42.271256714080266,550.142913790399,5.400110134001473,3.767488597357452
CA_35.0_-122.0,10066.089438823166,,,0.0,0.0,
CA_35.0_-121.0,10066.089438823386,281555.0,32.93371865233224,404.9414584644369,4.022827940537056,3.524409170560628
CA_35.0_-120.0,10066.089438823166,915075.0,43.43289924333042,583.8449247692129,5.80011660255495,3.7939801690013994
CA_35.0_-119.0,10066.089438823179,915075.0,43.43289924333042,123.858804145887,1.2304560266292177,3.7939801690013994
CA_35.0_-118.0,10066.089438823466,2197104.0,42.271256714080266,86.22954162141515,0.8566339703762231,3.767488597357452
CA_35.0_-116.0,10066.089438823437,2197104.0,42.271256714080266,388.3627195627986,3.858129037329435,3.767488597357452
CA_36.0_-122.0,9941.460731488713,437613.0,51.486243203137015,618.68103428784,6.223240738941126,3.96055110103465
CA_36.0_-121.0,9941.460731488904,1016725.0,65.88140063207824,582.0808626474355,5.855083859092596,4.20292091102244
CA_36.0_-120.0,9941.460731488705,478693.0,38.31431010424082,699.0606419896857,7.031769886446088,3.6715885773877153
CA_36.0_-119.0,9941.460731488729,478693.0,38.31431010424082,0.0,0.0,3.6715885773877153
CA_36.0_-118.0,9941.460731488956,18739.0,0.709520803041126,0.0,0.0,0.5362130991025129
CA_37.0_-122.0,9813.770764663965,1649473.0,863.5936818148382,1611.0092319620994,16.415802555352048,6.762259664567273
CA_37.0_-121.0,9813.770764664154,290201.0,57.81579221152066,347.304894016634,3.538954621470817,4.074410393870627
CA_37.0_-120.0,9813.770764663968,160940.0,29.081773624558704,0.0,0.0,3.403919460925759
CA_37.0_-119.0,9813.770764663963,13148.0,1.6650150615530082,0.0,0.0,0.9802097092164748
CA_38.0_-123.0,9683.053485861225,134869.0,69.2485722662045,708.6050465865807,7.3179916605981274,4.252039984394581
CA_38.0_-122.0,9683.053485860984,1594006.0,637.5863315492722,1409.3625552262956,14.554939279063372,6.459256876276598
CA_38.0_-121.0,9683.05348586119,41428.0,26.901873737584218,140.94793759073312,1.455614572371615,3.3286938456254496
CA_38.0_-120.0,9683.053485860988,13148.0,1.6650150615530082,0.0,0.0,0.9802097092164748
CA_39.0_-124.0,9549.343865047746,90244.0,9.935934977511604,122.8234545803761,1.2861978405650594,2.3920541536753337
CA_39.0_-123.0,9549.343865047973,28494.0,8.372751837014635,255.30693480715337,2.67355473229543,2.237806739047113
CA_39.0_-122.0,9549.343865047693,207929.0,49.05669107926259,243.28387144364686,2.54765013054048,3.9131561847231535
CA_39.0_-121.0,9549.34386504789,2746.0,1.1123287686015244,255.2471424871004,2.6729285916841405,0.7477910206806517
CA_40.0_-123.0,9412.677897348949,181436.0,18.553841607617382,329.4815772175999,3.500402125843458,2.973171768795859
CA_40.0_-122.0,9412.677897348658,181436.0,18.553841607617382,0.0,0.0,2.973171768795859
CA_40.0_-121.0,9412.677897348847,30356.0,2.580833707977615,0.0,0.0,1.2755956526237846
CA_41.0_-124.0,9273.092605123216,43466.0,2.672868277297497,0.0,0.0,1.300972903765244
CA_41.0_-123.0,9273.092605123486,43466.0,2.672868277297497,271.89399785276333,2.9320746533097157,1.300972903765244
CA_41.0_-122.0,9273.092605123209,43466.0,2.672868277297497,0.0,0.0,1.300972903765244
CO_37.0_-109.0,9813.770764664032,26412.0,5.025123661492497,0.0,0.0,1.7959380038951345
CO_37.0_-108.0,9813.770764664101,56331.0,12.871963921910831,0.0,0.0,2.629869819249829
CO_37.0_-106.0,9813.770764663968,3607.0,1.134472120263825,0.0,0.0,0.7582193656472445
CO_37.0_-105.0,9813.77076466407,14413.0,1.1659255624194629,861.1826800407599,8.775247564795126,0.7728477816075886
CO_37.0_-104.0,9813.770764664087,14413.0,1.1659255624194629,0.0,0.0,0.7728477816075886
CO_37.0_-103.0,9813.770764664074,3428.0,0.5180281843013944,0.0,0.0,0.4174122455345399
CO_38.0_-109.0,9683.05348586108,158601.0,18.39631097821695,0.0,0.0,2.9650828922253702
CO_38.0_-108.0,9683.053485861123,17241.0,2.0551094632528266,0.0,0.0,1.116815422833638
CO_38.0_-107.0,9683.053485861092,17241.0,2.0551094632528266,0.0,0.0,1.116815422833638
CO_38.0_-106.0,9683.05348586098,49634.0,12.494041510951234,0.0,0.0,2.602248218453002
CO_38.0_-105.0,9683.053485861099,169356.0,27.398373522628056,732.254863861298,7.562230911256602,3.3463318731971543
CO_38.0_-103.0,9683.053485861088,1376.0,0.3005283104672779,0.0,0.0,0.2627705745794937
CO_39.0_-109.0,9549.343865047795,62479.0,8.184525054477096,349.8758440325104,3.66387313073011,2.217520008508922
CO_39.0_-108.0,9549.343865047837,62479.0,8.184525054477096,260.6566713444848,2.729576764939117,2.217520008508922
CO_39.0_-107.0,9549.343865047813,55135.0,12.637648868635647,354.07319725854677,3.707827493305729,2.6128342672232128
CO_39.0_-106.0,9549.3438650477,17907.0,3.1519940198272,796.7169793588951,8.343159389987214,1.4235887055511822
CO_39.0_-104.0,9549.343865047826,5550.0,0.8313000745797942,399.6042283830195,4.18462497560316,0.6050261378898205
CO_40.0_-108.0,9412.67789734881,13207.0,1.0750557916043582,0.0,0.0,0.7299880408413714
CO_40.0_-106.0,9412.677897348687,367368.0,54.64386917546901,64.89085080726382,0.6893983998490156,4.0189719040959515
CO_40.0_-105.0,9412.677897348785,350396.0,33.9498348306905,687.7615776279569,7.3067578124783665,3.5539137427942746
CO_40.0_-104.0,9412.677897348798,29520.0,8.901106838674643,332.6278660954154,3.5338282019520113,2.292646552777507
CT_41.0_-74.0,9273.092605123302,627071.0,454.9903701670644,1975.9117150802213,21.308012323618417,6.122471691236713
CT_41.0_-73.0,9273.092605123386,175822.0,160.06239445562116,1988.5474758778703,21.4442749636642,5.081791833111608
DE_38.0_-76.0,9683.053485861128,255626.0,105.43058966657429,128.39102910255838,1.3259353497327127,4.667493032454539
DE_39.0_-76.0,9549.343865047827,65275.0,75.94397214287378,1609.823550679922,16.857949335892506,4.343077522491076
FL_25.0_-82.0,11137.261926103653,,,0.0,0.0,
FL_25.0_-81.0,11137.261926103683,2738356.0,556.4794968168137,825.3695552400059,7.410883938228051,6.323425725647783
FL_26.0_-83.0,11044.89090684463,,,50.66316731607748,0.45870228817453507,
FL_26.0_-82.0,11044.890906844586,398291.0,77.00621294171344,948.9701854310504,8.591938059279226,4.356788476616343
FL_26.0_-81.0,11044.890906844605,1533806.0,301.4813166991881,1567.528780327831,14.192342808532599,5.712019512585594
FL_27.0_-83.0,10949.174448265965,429792.0,223.41414111936714,1027.4809563766637,9.384095223173535,5.413493189129009
FL_27.0_-82.0,10949.174448265927,105702.0,40.10338676022574,142.47437640308442,1.301233961302432,3.716090521032455
FL_27.0_-81.0,10949.17444826593,360500.0,243.39255299198533,1003.1066950148016,9.16148244558902,5.4987757562603115
FL_28.0_-83.0,10850.136524554744,207018.0,168.99713824802248,1232.1276590501259,11.35587240088381,5.13578160307341
FL_28.0_-82.0,10850.136524554717,1471937.0,629.3441368298547,2306.7015601225403,21.25965470482599,6.446265919182214
FL_28.0_-81.0,10850.136524554722,632780.0,240.71495022859298,455.9614325003597,4.202356638264253,5.487759140279742
FL_29.0_-85.0,10747.802081233734,,,0.0,0.0,
FL_29.0_-84.0,10747.80208123371,17058.0,9.341572017898777,0.0,0.0,2.336171890203285
FL_29.0_-83.0,10747.802081233749,285492.0,125.88313606178845,377.3774208483536,3.511205528312391,4.843266474335406
FL_29.0_-82.0,10747.802081233698,126528.0,100.48048002884823,576.1092359536294,5.360251627256427,4.619866465000227
FL_30.0_-88.0,10642.197041668147,246989.0,59.98108569830896,362.4579040255881,3.405855976979481,4.110563745571983
FL_30.0_-87.0,10642.197041668021,216599.0,89.94089714277425,362.7729648646919,3.4088164637837988,4.510209813564547
FL_30.0_-86.0,10642.197041668152,25529.0,16.858547977772993,402.69920067820567,3.7839855727298493,2.882482271906635
FL_30.0_-85.0,10642.19704166816,43710.0,32.682688328129395,453.93664983725955,4.265441130810947,3.516984005907508
FL_30.0_-84.0,10642.197041668143,18089.0,10.027153614026629,672.1618815052645,6.316006731255791,2.4003607413974413
FL_30.0_-83.0,10642.19704166818,71789.0,34.76133124855668,660.4067774167321,6.205549237915749,3.5768671769210263
FL_30.0_-82.0,10642.197041668125,1023153.0,518.004061188535,1125.1064078810443,10.57212531844541,6.251911708161352
GA_30.0_-85.0,10642.19704166816,43710.0,32.682688328129395,453.93664983725955,4.265441130810947,3.516984005907508
GA_30.0_-84.0,10642.197041668143,18089.0,10.027153614026629,672.1618815052645,6.316006731255791,2.4003607413974413
GA_30.0_-83.0,10642.19704166818,71789.0,34.76133124855668,660.4067774167321,6.205549237915749,3.5768671769210263
GA_30.0_-82.0,10642.197041668125,1023153.0,518.004061188535,1125.1064078810443,10.57212531844541,6.251911708161352
GA_31.0_-85.0,10533.34831336036,5498.0,7.57100564658628,117.71800804005757,1.117574436333275,2.148385070717868
GA_31.0_-84.0,10533.348313360344,41438.0,61.325821520560055,478.2300267815125,4.540152025305501,4.132375810559172
GA_31.0_-83.0,10533.348313360377,11109.0,15.098342952851553,0.0,0.0,2.778716344510433
GA_31.0_-82.0,10533.348313360306,11312.0,10.125454678856467,467.7449618385187,4.440610411081152,2.409235697226718
GA_32.0_-86.0,10421.28379401844,18691.0,11.856494494197223,369.15048389117277,3.5422745526137196,2.553849091774301
GA_32.0_-85.0,10421.283794018433,7509.0,7.927460055997598,538.0745873496962,5.1632274677956485,2.189131926211276
GA_32.0_-84.0,10421.283794018402,7803.0,8.38601150345835,950.4785493874214,9.120551442356614,2.239220442968998
GA_32.0_-83.0,10421.283794018464,23026.0,13.063067272461373,488.64764084211305,4.688939006944458,2.643552018526059
GA_32.0_-82.0,10421.283794018405,69143.0,55.75312693113379,679.2339806578495,6.517757256046662,4.038710754951642
GA_33.0_-86.0,10306.03237732041,15426.0,10.633713340952255,262.32511348556443,2.545355029767231,2.4539072054181377
GA_33.0_-85.0,10306.032377320407,122244.0,242.42415492671645,2305.2213910025944,22.36769017022977,5.494805415262682
GA_33.0_-84.0,10306.032377320369,21078.0,23.425437772898487,795.3276927559724,7.717108423860419,3.1956251209165805
GA_33.0_-83.0,10306.032377320456,21718.0,32.579845621456116,455.1394127768356,4.416242799493037,3.513926054302797
GA_34.0_-86.0,10187.623958379369,25036.0,30.85103824975825,509.0712382455598,4.996957488078919,3.461069979595445
GA_34.0_-85.0,10187.623958379405,34951.0,58.152883816749245,863.6193898944725,8.477142397704407,4.080125343534324
GA_34.0_-84.0,10187.623958379352,47793.0,66.64933743916383,686.1969541255406,6.73559366667771,4.214337560617082
GA_34.0_-83.0,10187.623958379401,210478.0,113.84119324133168,623.1715412566924,6.1169468347340095,4.743550245666766
HI_19.0_-156.0,11620.011946596725,205769.0,19.72178895975107,0.0,0.0,3.0311857534205457
HI_21.0_-159.0,11472.84574609827,,,46.174671375907565,0.40246920770821687,
IA_40.0_-96.0,9412.677897348809,5187.0,3.659355737172917,277.3835252428843,2.9469140266768568,1.5388771847540592
IA_40.0_-95.0,9412.677897348796,1934.0,2.800605370400022,90.03408014611998,0.9565192937440178,1.335160362044174
IA_40.0_-94.0,9412.677897348809,3482.0,2.962325928343177,145.77626806722245,1.5487225809382263,1.3768312084827938
IA_40.0_-93.0,9412.677897348813,4038.0,5.073397130284551,13.345818148558575,0.14178556085848404,1.8039181075461632
IA_40.0_-92.0,9412.6778973488,32893.0,24.538800744949143,143.8282149850323,1.5280265250077594,3.240198893548488
IA_41.0_-97.0,9273.092605123225,37351.0,27.26946371935875,332.0711513218548,3.5810183879582005,3.3417822015700933
IA_41.0_-96.0,9273.092605123344,93424.0,37.91884837587105,497.01392311236367,5.359742906457826,3.661478667359755
IA_41.0_-95.0,9273.09260512335,7460.0,5.059670910105497,294.80855502547087,3.1791826910322265,1.8016554933435196
IA_41.0_-94.0,9273.09260512333,54409.0,36.87726512606084,686.4044347628343,7.402109134374436,3.634351067349804
IA_41.0_-93.0,9273.092605123336,22021.0,14.894179737650274,232.3636750586903,2.5057840458781846,2.765952987976148
IA_41.0_-92.0,9273.092605123324,156639.0,98.66055406212416,538.8736606205701,5.8111536632648955,4.601769952361426
IA_41.0_-91.0,9273.092605123322,142757.0,128.93401179999864,782.4995266796004,8.438387925159667,4.867026720043837
IA_42.0_-97.0,9130.626039432984,17081.0,14.313432811532158,385.2933755258427,4.219791434473967,2.7287304047536423
IA_42.0_-96.0,9130.6260394331,6911.0,6.183707336661673,0.0,0.0,1.9718155919548288
IA_42.0_-95.0,9130.626039433086,9803.0,6.642073243719684,0.0,0.0,2.0336689333440865
IA_42.0_-94.0,9130.626039433093,14886.0,9.965686252994972,434.53646423739553,4.75910920413049,2.394770965683899
IA_42.0_-93.0,9130.626039433102,131049.0,89.43209263816584,283.16876027643366,3.101307172733743,4.504599211457391
IA_42.0_-92.0,9130.626039433102,17558.0,11.73511402506954,231.77707298136207,2.538457625801007,2.5443630620677826
IA_42.0_-91.0,9130.626039433137,21851.0,14.039582091725126,44.317534804242584,0.4853723568662766,2.7106855316811966
IA_43.0_-97.0,8985.317280821564,12162.0,7.991320015071148,431.7392506169904,4.804941630035737,2.1962596691921767
IA_43.0_-96.0,8985.317280821677,22041.0,11.900263989547515,191.51890184795684,2.1314650986975843,2.557247775464244
IA_43.0_-95.0,8985.31728082169,9262.0,9.033019072824784,164.66562163738598,1.8326077587582712,2.305881560950817
IA_43.0_-94.0,8985.317280821693,30623.0,16.717833849190033,641.6916101500873,7.1415576111009145,2.8745716944309168
IA_43.0_-93.0,8985.317280821682,9445.0,7.705783038012428,307.75317153034945,3.4250673839555974,2.16398752184696
IA_43.0_-92.0,8985.317280821679,14092.0,8.513843875962104,270.67773235719795,3.012444902028494,2.2527479879492422
ID_42.0_-117.0,9130.626039432957,12503.0,0.629539303488654,0.0,0.0,0.4882973389730871
ID_42.0_-116.0,9130.626039433238,12503.0,0.629539303488654,287.7470563655931,3.151449365277633,0.4882973389730871
ID_42.0_-115.0,9130.62603943302,93734.0,18.832616065636433,207.11571112029705,2.2683626536210455,2.9873278584716867
ID_42.0_-114.0,9130.626039433102,25483.0,3.834972413078617,356.0996531304079,3.900057362906927,1.5758754232175463
ID_42.0_-113.0,9130.626039433133,8133.0,2.23686487347354,673.0017066558514,7.370816675103191,1.1746052297025489
ID_42.0_-112.0,9130.62603943311,6650.0,2.6314507008537733,0.0,0.0,1.2896322105495992
ID_43.0_-118.0,8985.317280821819,31954.0,1.2477624143404407,0.0,0.0,0.8099352388751414
ID_43.0_-117.0,8985.317280821564,250790.0,164.94457749071915,601.6353783847104,6.695761090917209,5.11165386207153
ID_43.0_-116.0,8985.317280821791,29321.0,3.6814996764224075,429.6571954379349,4.78176988090329,1.5436185022784465
ID_43.0_-115.0,8985.317280821586,24951.0,3.6522337854605644,0.0,0.0,1.5373474882218388
ID_43.0_-114.0,8985.31728082164,2684.0,0.4633598693459412,0.0,0.0,0.38073507220394254
ID_43.0_-112.0,8985.317280821693,129523.0,26.80073645534366,97.99826567050108,1.090648917647784,3.325062511545118
ID_44.0_-117.0,8837.206439403255,4744.0,1.3440430152331606,54.60148989997452,0.6178591648206597,0.851877222755071
ID_44.0_-116.0,8837.206439403477,12389.0,1.305120057197653,0.0,0.0,0.8351327606443336
ID_44.0_-115.0,8837.206439403282,4470.0,0.35063282033351933,0.0,0.0,0.30057323842126527
ID_45.0_-117.0,8686.334654205877,17432.0,0.7939290962645894,0.0,0.0,0.5844082401490898
ID_45.0_-116.0,8686.334654206114,17432.0,0.7939290962645894,0.0,0.0,0.5844082401490898
ID_45.0_-115.0,8686.334654205895,8249.0,0.6978899850114288,0.0,0.0,0.5293862948663572
ID_45.0_-114.0,8686.33465420599,9713.0,0.6766051570704777,0.0,0.0,0.5167710091267532
ID_46.0_-117.0,8532.744091746392,42697.0,19.432991636996096,0.0,0.0,3.0171508316381206
ID_46.0_-116.0,8532.744091746603,9012.0,1.4159986472027837,0.0,0.0,0.8821127201397891
ID_47.0_-117.0,8376.477943799795,181996.0,56.770206890614965,199.885538604351,2.386271890709206,4.056473191067962
ID_47.0_-116.0,8376.477943800013,13285.0,1.8581968206847692,186.26050043613915,2.2236135722652133,1.050190943716177
ID_48.0_-117.0,8217.580424336587,51049.0,11.371916032005013,0.0,0.0,2.5154290678619495
IL_37.0_-90.0,9813.770764664085,82735.0,55.2173609271895,443.47993150720566,4.51895547737899,4.029225622490944
IL_37.0_-89.0,9813.770764664081,3739.0,3.9136995687139713,394.7279657958039,4.02218449219417,1.5920271344021495
IL_38.0_-91.0,9683.05348586111,229458.0,134.99786441059788,1791.1303605789049,18.49757788898158,4.91263918274951
IL_38.0_-90.0,9683.053485861104,36954.0,30.10503872368752,599.9003266479523,6.19536314163614,3.437369822900705
IL_38.0_-89.0,9683.053485861123,15973.0,8.639575214290092,463.739953387222,4.7891912821132285,2.265877042743901
IL_39.0_-91.0,9549.343865047831,11683.0,8.305037358529006,355.13210338406117,3.718916277419887,2.2305559049737425
IL_39.0_-89.0,9549.343865047826,14424.0,16.576883508135882,488.70772899930665,5.11771003228879,2.866584601691924
IL_39.0_-88.0,9549.343865047826,106109.0,101.5008346994209,193.84306068065644,2.0299097343237795,4.62987094195429
IL_40.0_-91.0,9412.677897348814,26920.0,17.63751788754379,128.37404095571918,1.3638418562253911,2.9251766398512973
IL_40.0_-90.0,9412.677897348813,130290.0,77.81543077483823,812.0354876635822,8.6270400041236,4.367108799708919
IL_40.0_-89.0,9412.677897348805,171556.0,55.97994901835209,623.4395995402119,6.6234030988759445,4.0426994343405465
IL_41.0_-91.0,9273.092605123322,142757.0,128.93401179999864,782.4995266796004,8.438387925159667,4.867026720043837
IL_41.0_-90.0,9273.09260512333,32866.0,14.601370760657757,1216.2615253072122,13.116029108080241,2.7473587796681462
IL_41.0_-89.0,9273.092605123362,137675.0,165.99116851508307,873.3840143362557,9.418476138734052,5.1179409278751775
IL_41.0_-88.0,9273.09260512333,500379.0,387.25491006800905,1843.56844822316,19.880837243063866,5.961662108614659
IL_42.0_-91.0,9130.626039433137,21851.0,14.039582091725126,44.317534804242584,0.4853723568662766,2.7106855316811966
IL_42.0_-90.0,9130.626039433135,43768.0,29.94952652852496,436.4498848777234,4.780065276934941,3.432357701066093
IL_42.0_-89.0,9130.62603943311,105657.0,73.4460573618442,1051.8077437049574,11.519557795516294,4.31007480086871
IN_37.0_-88.0,9813.770764664061,12842.0,14.93351973665402,635.3102470029721,6.4736609631284745,2.7684250497140495
IN_38.0_-88.0,9683.053485861103,36007.0,26.951443733458866,465.16601801002,4.803918709002704,3.3304688524158754
IN_38.0_-87.0,9683.053485860995,19767.0,19.15786126040861,242.2736715039769,2.5020379352209523,3.0035943493020265
IN_38.0_-86.0,9683.053485861103,124354.0,128.89928139215544,1168.7968830435127,12.070540400816272,4.866759391653211
IN_39.0_-88.0,9549.343865047826,106109.0,101.5008346994209,193.84306068065644,2.0299097343237795,4.62987094195429
IN_39.0_-87.0,9549.343865047687,72659.0,69.46916357536107,1142.6242391560374,11.965473809548815,4.255175218038479
IN_39.0_-86.0,9549.343865047833,16739.0,15.835291729935506,705.4559742422196,7.387481110867777,2.823477381238394
IN_40.0_-88.0,9412.6778973488,8735.0,8.298369197360232,320.66787971640446,3.4067656751191353,2.2298390296601474
IN_40.0_-87.0,9412.677897348703,20535.0,21.300598663205545,304.90318486367875,3.239282042675249,3.1046135239893853
IN_40.0_-86.0,9412.677897348807,66295.0,61.81441697269427,598.1917684885459,6.3551709196065636,4.140184616755968
IN_41.0_-88.0,9273.09260512333,500379.0,387.25491006800905,1843.56844822316,19.880837243063866,5.961662108614659
IN_41.0_-87.0,9273.09260512321,273040.0,230.2878250069875,973.538238531372,10.498528160858765,5.443662930614598
IN_41.0_-86.0,9273.09260512335,47495.0,44.63491187950056,1074.988694176023,11.592558598865882,3.820673034981999
IN_41.0_-85.0,9273.092605123367,36719.0,33.70246875728186,783.4064035777187,8.448167584834513,3.5468108301650685
KS_37.0_-102.0,9813.770764664092,7229.0,4.855764669205452,0.0,0.0,1.7674265895819599
KS_37.0_-101.0,9813.770764664083,5701.0,2.5333767487422327,0.0,0.0,1.2622539997542996
KS_37.0_-100.0,9813.770764664074,2422.0,1.2940607046163315,0.0,0.0,0.8303234807007066
KS_37.0_-99.0,9813.770764664088,9127.0,4.79424475138329,15.37468790756277,0.1566644287527234,1.756865140668183
KS_37.0_-98.0,9813.770764664085,528226.0,204.56264797974785,1028.4251728693653,10.479408960441184,5.325750843826173
KS_37.0_-97.0,9813.770764663952,2453.0,1.4700620688072505,156.43331931415355,1.5940184773564985,0.9042432793959173
KS_37.0_-96.0,9813.770764664077,15656.0,10.57745149345663,0.0,0.0,2.4490593696388046
KS_37.0_-95.0,9813.770764664088,11690.0,7.623825064537016,732.735161329647,7.466397768001334,2.1545287292365316
KS_38.0_-101.0,9683.053485861119,1461.0,0.7862954365022592,0.0,0.0,0.580143886748652
KS_38.0_-100.0,9683.053485861112,2947.0,1.5852629856026716,298.902030969496,3.0868571717169933,0.9498272380285266
KS_38.0_-99.0,9683.053485861112,25097.0,10.823712091794256,347.9693999270556,3.5935916334155285,2.470107014433264
KS_38.0_-98.0,9683.05348586111,30205.0,12.982757017781704,919.263306960285,9.493527101782144,2.6378249289343865
KS_38.0_-97.0,9683.053485860984,2561.0,1.279093783480848,501.85436426890044,5.182811031682298,0.8237779005712487
KS_38.0_-96.0,9683.05348586111,26106.0,17.628681054017207,824.0210188603768,8.509929435622618,2.924702385221461
KS_38.0_-95.0,9683.05348586111,110773.0,61.39649230194026,1432.2819924353848,14.791635660453162,4.1335090606854346
KS_39.0_-98.0,9549.343865047813,8898.0,4.802651262986932,56.8168963680082,0.5949822016145789,1.7583149274155476
KS_39.0_-97.0,9549.343865047696,26204.0,12.034022374600992,387.5372841431569,4.05826085666066,2.5675630445422115
KS_39.0_-96.0,9549.343865047818,16208.0,14.513718488857275,442.9495886613134,4.638534279643886,2.74172469628443
KS_39.0_-95.0,9549.343865047813,21414.0,19.735500407155982,1711.155691692798,17.919091781330785,3.0318472268605245
KY_36.0_-89.0,9941.460731488818,32412.0,22.271384944726005,362.04057511179565,3.641724137832781,3.1472244918614387
KY_36.0_-88.0,9941.460731488807,234153.0,167.67831249917788,371.7079453585384,3.7389670934491774,5.127993424673574
KY_36.0_-87.0,9941.460731488683,204424.0,149.07543205412773,929.3481542315832,9.3482052520507,5.0111380480551535
KY_36.0_-85.0,9941.460731488833,22113.0,16.039578655870905,315.6037190750037,3.174621190982051,2.8355387943273187
KY_37.0_-89.0,9813.770764664081,3739.0,3.9136995687139713,394.7279657958039,4.02218449219417,1.5920271344021495
KY_37.0_-88.0,9813.770764664061,12842.0,14.93351973665402,635.3102470029721,6.4736609631284745,2.7684250497140495
KY_37.0_-87.0,9813.770764663961,26707.0,20.642405175171476,468.9963767983094,4.778962012104515,3.0746545926806803
KY_37.0_-86.0,9813.770764664097,15107.0,22.34462573457421,657.5353966934144,6.700129975126032,3.1503667963635333
KY_37.0_-85.0,9813.770764664094,24504.0,28.41976499969571,448.9623834913875,4.574820364746461,3.38166672736762
KY_37.0_-84.0,9813.77076466405,13276.0,10.409556733333249,345.9051914264827,3.524691983554029,2.4344513141564383
KY_37.0_-83.0,9813.770764664108,56727.0,27.85780241081433,0.0,0.0,3.3623804039049996
KY_38.0_-87.0,9683.053485860995,19767.0,19.15786126040861,242.2736715039769,2.5020379352209523,3.0035943493020265
KY_38.0_-86.0,9683.053485861103,124354.0,128.89928139215544,1168.7968830435127,12.070540400816272,4.866759391653211
KY_38.0_-85.0,9683.053485861103,19140.0,24.114218120465672,657.8426208800395,6.793751804021335,3.2234341447431065
KY_38.0_-84.0,9683.053485861088,12965.0,10.36706150511318,195.94765493519589,2.023614299160001,2.4307198315382834
KY_38.0_-83.0,9683.053485861134,56819.0,48.38615540294255,279.1178758059405,2.8825398539159055,3.8996701299139422
LA_29.0_-94.0,10747.802081233725,,,42.27201952695124,0.3933085035196228,
LA_29.0_-93.0,10747.802081233727,,,0.0,0.0,
LA_29.0_-91.0,10747.802081233734,96252.0,34.80365876879823,265.54422516053177,2.470683988721628,3.578050088430326
LA_29.0_-90.0,10747.80208123372,22803.0,11.278945432105374,0.0,0.0,2.507886042166984
LA_30.0_-94.0,10642.197041668149,36676.0,12.234084296347977,328.0357539354694,3.0824063175215395,2.582795645249797
LA_30.0_-93.0,10642.19704166815,32060.0,18.68637777602396,460.58397447416246,4.327903088721298,2.979926913108433
LA_30.0_-92.0,10642.197041668152,20217.0,14.052015102302622,284.0278839111559,2.6688839043205204,2.7115118760726102
LA_30.0_-91.0,10642.197041668163,136738.0,66.72923661117441,779.161940478457,7.321438772724729,4.2155179421043005
LA_30.0_-90.0,10642.197041668163,46167.0,37.60866436306544,561.3774187549099,5.2750143279334925,3.653476716646594
LA_31.0_-94.0,10533.348313360355,21977.0,9.791210598162818,142.50085997904236,1.3528543416559786,2.3787319692844617
LA_31.0_-93.0,10533.34831336036,22095.0,13.251919950697651,285.85083193515845,2.7137698615034784,2.656891631021224
LA_32.0_-95.0,10421.283794018433,70155.0,30.094704386275687,228.24801579566855,2.190210153634598,3.4370375277177923
LA_32.0_-94.0,10421.283794018433,129789.0,59.683886144953306,553.0833192236472,5.307247457756632,4.105678195688603
LA_32.0_-93.0,10421.283794018425,48174.0,39.4373494782041,189.73330972215985,1.8206327883620477,3.699753849922299
LA_32.0_-92.0,10421.283794018424,19822.0,13.774543109412464,192.8567387672597,1.850604422441264,2.6929056395932145
MA_41.0_-72.0,9273.092605123278,130344.0,152.8374557898335,1295.4802636155694,13.970315177267087,5.035896563116166
MA_41.0_-71.0,9273.092605123356,,,737.7537005700508,7.955853909648697,
MA_42.0_-74.0,9130.626039433075,160332.0,94.87879243438857,1021.6582102427978,11.18935553630705,4.563084814935229
MA_42.0_-73.0,9130.626039433151,70944.0,39.17516009076553,816.9964577737668,8.947869009697037,3.6932488964511196
MA_42.0_-72.0,9130.626039433047,1638365.0,773.4363275939004,2613.725481799944,28.62591754948535,6.652135445494717
MD_38.0_-77.0,9683.053485861124,94313.0,170.80782724545648,836.2056309530294,8.63576383393967,5.146376568730344
MD_38.0_-76.0,9683.053485861128,255626.0,105.43058966657429,128.39102910255838,1.3259353497327127,4.667493032454539
MD_39.0_-78.0,9549.343865047696,287048.0,167.76513835854513,1474.860456704199,15.444626118266108,5.128508034520425
MD_39.0_-77.0,9549.343865047826,850796.0,548.992504358063,1938.6864576563087,20.30177659380579,6.309904649693763
MD_39.0_-76.0,9549.343865047827,65275.0,75.94397214287378,1609.823550679922,16.857949335892506,4.343077522491076
ME_44.0_-71.0,8837.20643940338,59255.0,11.015381606721062,115.60029472976275,1.3081090220357825,2.486187629543082
ME_46.0_-68.0,8532.744091746536,,,34.90988874959738,0.4091285098232895,
MI_41.0_-87.0,9273.09260512321,273040.0,230.2878250069875,973.538238531372,10.498528160858765,5.443662930614598
MI_41.0_-86.0,9273.09260512335,47495.0,44.63491187950056,1074.988694176023,11.592558598865882,3.820673034981999
MI_41.0_-85.0,9273.092605123367,36719.0,33.70246875728186,783.4064035777187,8.448167584834513,3.5468108301650685
MI_41.0_-84.0,9273.092605123295,132064.0,82.61983776964495,1223.432925376884,13.193364689369641,4.4262807858361874
MI_42.0_-87.0,9130.626039432977,121456.0,56.824293573116016,500.783923468437,5.484661416486359,4.057408991408483
MI_42.0_-86.0,9130.62603943309,63409.0,44.26354439921664,712.852856479761,7.807272506847967,3.812501949097116
MI_42.0_-85.0,9130.62603943312,283913.0,197.12849439926657,1197.6232404154198,13.116551211747742,5.288915781822465
MI_42.0_-84.0,9130.626039433087,1279825.0,569.683807203438,1987.3742122928713,21.766023531243707,6.34683530356984
MI_43.0_-87.0,8985.317280821582,26915.0,19.312092155825674,258.872503066061,2.8810613468107906,3.0112163814059523
MI_43.0_-86.0,8985.31728082168,41242.0,28.68323133499906,371.86256474013686,4.138557973170772,3.3905822848460163
MI_43.0_-85.0,8985.317280821679,83757.0,62.37774838813711,528.9999628490061,5.887382118137411,4.14911282804222
MI_43.0_-84.0,8985.317280821648,52980.0,25.415837485562633,530.4544684352929,5.903569699953727,3.273963735037506
MI_43.0_-83.0,8985.317280821724,40462.0,16.229928894841194,0.0,0.0,2.8466479237084092
MI_44.0_-87.0,8837.206439403233,25350.0,18.047632490638897,0.0,0.0,2.946942815142852
MI_44.0_-86.0,8837.206439403375,34077.0,23.290214835046292,112.36303139913488,1.27147681984807,3.1900735875631234
MI_44.0_-85.0,8837.206439403355,23737.0,17.628323381206446,516.7156396069684,5.847047289775144,2.9246831849225536
MI_44.0_-84.0,8837.206439403326,25347.0,17.810633307712358,0.0,0.0,2.934422311417739
MI_45.0_-88.0,8686.334654205979,23247.0,8.597092742075251,14.249298860012992,0.16404271107737475,2.261460213241528
MI_45.0_-85.0,8686.334654206015,25865.0,13.961730906919772,251.938681885433,2.9004026659673032,2.7054956681875417
MI_46.0_-87.0,8532.744091746397,8762.0,3.6971592189778235,0.0,0.0,1.5469579044856248
MI_46.0_-86.0,8532.744091746537,6271.0,2.693041889199419,0.0,0.0,1.3064504786708184
MI_46.0_-85.0,8532.744091746503,,,132.50910785803921,1.5529483415096412,
MN_43.0_-97.0,8985.317280821564,12162.0,7.991320015071148,431.7392506169904,4.804941630035737,2.1962596691921767
MN_43.0_-96.0,8985.317280821677,22041.0,11.900263989547515,191.51890184795684,2.1314650986975843,2.557247775464244
MN_43.0_-95.0,8985.31728082169,9262.0,9.033019072824784,164.66562163738598,1.8326077587582712,2.305881560950817
MN_43.0_-94.0,8985.317280821693,30623.0,16.717833849190033,641.6916101500873,7.1415576111009145,2.8745716944309168
MN_43.0_-93.0,8985.317280821682,9445.0,7.705783038012428,307.75317153034945,3.4250673839555974,2.16398752184696
MN_43.0_-92.0,8985.317280821679,14092.0,8.513843875962104,270.67773235719795,3.012444902028494,2.2527479879492422
MN_44.0_-97.0,8837.206439403251,35353.0,17.229957296160297,197.97890095168478,2.240288289169509,2.9030662461842787
MN_44.0_-96.0,8837.206439403362,15350.0,6.745790301427953,0.0,0.0,2.047149508873278
MN_44.0_-95.0,8837.206439403359,15005.0,9.839292059205214,15.313405678331883,0.17328333091838197,2.3831776856874263
MN_44.0_-94.0,8837.206439403342,67917.0,52.88523478272941,1391.4637811333344,15.74551630851436,3.98685650314665
MN_44.0_-93.0,8837.206439403353,47943.0,24.46224291380094,344.6407549298481,3.899883490252793,3.237196684842196
MN_45.0_-97.0,8686.334654205872,5127.0,3.9659994641607508,265.6623541960284,3.058394187787783,1.6026145791843884
MN_45.0_-96.0,8686.334654205983,11418.0,6.535400355420462,296.6416611076483,3.4150383667754776,2.0196119634367657
MN_45.0_-95.0,8686.33465420598,160865.0,46.251526696795956,423.9436958592901,4.880582118189675,3.855484964461062
MN_45.0_-94.0,8686.334654206003,42596.0,37.74006464556949,919.46010326918,10.585133314245141,3.656874326680852
MN_45.0_-93.0,8686.334654206019,45555.0,19.237131599840207,257.7092777746179,2.9668357026727286,3.0075191150006413
MN_46.0_-97.0,8532.744091746395,6371.0,3.2752755383253365,911.95279382303,10.687684805936572,1.4528485537211273
MN_46.0_-96.0,8532.744091746505,60475.0,11.842724707926454,140.3117072740511,1.6443913677168738,2.5527774804167587
MN_46.0_-95.0,8532.744091746503,30992.0,5.91951765615641,17.122578779822675,0.20066907662664923,1.9343460643326496
MN_46.0_-94.0,8532.744091746488,16056.0,3.403721718320482,0.0,0.0,1.482450028471702
MN_46.0_-93.0,8532.74409174649,36518.0,16.372305043852304,304.5276561452348,3.5689299113024706,2.8548772740309754
MN_46.0_-92.0,8532.744091746497,16575.0,4.330283014052227,0.0,0.0,1.6734043350893304
MN_47.0_-97.0,8376.47794379984,30705.0,6.0148507517188285,105.96939672209626,1.265082979183792,1.9480294377356264
MN_47.0_-96.0,8376.477943799948,8616.0,3.3299750931312797,0.0,0.0,1.465561789834178
MN_47.0_-95.0,8376.477943799942,46512.0,7.170038006117422,58.74268032877196,0.7012813824962294,2.1004735607726484
MN_47.0_-94.0,8376.47794379995,45275.0,6.5532029765459345,0.0,0.0,2.0219717086026767
MN_47.0_-93.0,8376.47794379994,200123.0,12.366585907974152,0.0,0.0,2.5927580038287172
MN_47.0_-92.0,8376.477943799919,10879.0,1.9915557990186195,0.0,0.0,1.095793586195678
MN_47.0_-91.0,8376.477943799924,5635.0,1.4978122077736153,0.0,0.0,0.9154152318452716
MN_48.0_-98.0,8217.580424336686,10396.0,3.1319418815089097,293.92684763638727,3.576805245080552,1.4187474856959628
MN_48.0_-97.0,8217.580424336573,8909.0,1.937841085874614,0.0,0.0,1.0776749870698232
MN_48.0_-96.0,8217.580424336678,46512.0,7.170038006117422,0.0,0.0,2.1004735607726484
MN_48.0_-94.0,8217.580424336671,11833.0,1.4715556517704258,0.0,0.0,0.9048477709179695
MN_48.0_-93.0,8217.580424336653,,,0.0,0.0,
MN_48.0_-92.0,8217.58042433667,,,0.0,0.0,
MO_36.0_-95.0,9941.460731488813,23701.0,16.96375289764551,897.1235613268257,9.024061811009883,2.888355999711463
MO_36.0_-94.0,9941.460731488807,32048.0,26.678358971385034,39.075332822805414,0.3930542389916335,3.320650843276143
MO_36.0_-93.0,9941.46073148882,8873.0,4.598463368090165,0.0,0.0,1.722492161531604
MO_36.0_-92.0,9941.460731488827,8673.0,4.239650287364626,24.743990873666032,0.24889693317694558,1.6562547570532489
MO_36.0_-91.0,9941.460731488834,42020.0,23.35216045232768,83.85777952745352,0.8435156743298323,3.1926205705343627
MO_36.0_-90.0,9941.460731488813,6409.0,12.016252287765818,814.770712656822,8.195684061559469,2.5661987526242362
MO_37.0_-95.0,9813.770764664088,11690.0,7.623825064537016,732.735161329647,7.466397768001334,2.1545287292365316
MO_37.0_-94.0,9813.770764664085,32444.0,19.710737143865806,387.31035204036164,3.9466007646615218,3.0306522683938426
MO_37.0_-93.0,9813.770764664081,36390.0,18.37531897122375,305.86160119759916,3.1166572822232474,2.9640000381347997
MO_37.0_-92.0,9813.77076466407,14539.0,7.457269653822797,82.04023689634043,0.8359705852488263,2.1350263855729237
MO_37.0_-91.0,9813.770764664094,12729.0,9.941012411197411,79.87931914292638,0.813951345088918,2.3925183348690586
MO_37.0_-90.0,9813.770764664085,82735.0,55.2173609271895,443.47993150720566,4.51895547737899,4.029225622490944
MO_38.0_-95.0,9683.05348586111,110773.0,61.39649230194026,1432.2819924353848,14.791635660453162,4.1335090606854346
MO_38.0_-94.0,9683.053485861108,20151.0,11.051103871189346,252.3539007489052,2.6061396967122454,2.489156263308528
MO_38.0_-93.0,9683.053485861123,15262.0,14.19811763845811,532.8218399398638,5.502622088351291,2.721171580608353
MO_38.0_-92.0,9683.053485861106,14746.0,10.969960565528561,499.6624900347447,5.160174843238615,2.482400225122397
MO_38.0_-91.0,9683.05348586111,229458.0,134.99786441059788,1791.1303605789049,18.49757788898158,4.91263918274951
MO_39.0_-96.0,9549.343865047818,16208.0,14.513718488857275,442.9495886613134,4.638534279643886,2.74172469628443
MO_39.0_-95.0,9549.343865047813,21414.0,19.735500407155982,1711.155691692798,17.919091781330785,3.0318472268605245
MO_39.0_-94.0,9549.343865047798,8411.0,4.675214369640169,114.04544263688848,1.1942751695675549,1.736108337039965
MO_39.0_-93.0,9549.343865047806,24365.0,19.48856033146489,87.69371682273344,0.9183219084162116,3.0198666977747477
MO_39.0_-92.0,9549.343865047811,10428.0,8.570305330277073,411.518647363814,4.309391861675866,2.258665109896044
MO_40.0_-95.0,9412.677897348796,1934.0,2.800605370400022,90.03408014611998,0.9565192937440178,1.335160362044174
MO_40.0_-93.0,9412.677897348813,4038.0,5.073397130284551,13.345818148558575,0.14178556085848404,1.8039181075461632
MS_30.0_-90.0,10642.197041668163,46167.0,37.60866436306544,561.3774187549099,5.2750143279334925,3.653476716646594
MS_30.0_-89.0,10642.197041668172,145249.0,77.58575210801966,352.04521728406473,3.308012583357331,4.364190412113272
MS_31.0_-92.0,10533.348313360359,28803.0,24.053327326506917,0.0,0.0,3.2210066461155606
MS_31.0_-91.0,10533.348313360359,34877.0,22.971543698419747,240.66931705396513,2.284832039102926,3.1768674476416963
MS_31.0_-90.0,10533.348313360344,18148.0,16.932501228970885,285.02296294393244,2.705910356941425,2.8866147775516096
MS_31.0_-89.0,10533.348313360355,19718.0,9.39066141213425,19.94625136103911,0.18936287652938957,2.3409074616157444
MS_32.0_-91.0,10421.283794018444,218533.0,97.00125812495618,677.5910585658895,6.501992191737546,4.584980316597922
MS_32.0_-90.0,10421.283794018436,27718.0,17.566362501869918,214.51025601336627,2.058386089979528,2.921351475825906
MS_32.0_-89.0,10421.283794018442,71504.0,39.23378018509663,582.1173381162674,5.585850549913902,3.694706945879829
MS_33.0_-92.0,10306.0323773204,17046.0,7.942270778747868,0.0,0.0,2.1907895590294286
MS_33.0_-91.0,10306.032377320424,24333.0,13.464572213807578,0.0,0.0,2.6717023641095228
MS_33.0_-90.0,10306.03237732041,9972.0,9.141966681460696,252.86800621426167,2.4535921968450856,2.316681932163398
MS_33.0_-89.0,10306.032377320418,57838.0,44.179291394918444,159.91636768414065,1.5516773267281265,3.810638826873445
MS_34.0_-91.0,10187.62395837939,9475.0,8.055660059028577,111.20783740441234,1.0915973916856554,2.203389983104834
MS_34.0_-90.0,10187.623958379372,58327.0,35.650271756996815,794.892483642916,7.802530667507736,3.601420843230049
MS_34.0_-89.0,10187.623958379381,25184.0,23.431191961128707,618.3347224941635,6.06946943684135,3.19586067495656
MT_44.0_-113.0,8837.206439403362,9713.0,0.6766051570704777,539.0548452141492,6.09983311932841,0.5167710091267532
MT_45.0_-114.0,8686.33465420599,9713.0,0.6766051570704777,0.0,0.0,0.5167710091267532
MT_45.0_-113.0,8686.334654206014,9223.0,0.9924373505223492,525.8648988318303,6.053933215400595,0.6893586885391444
MT_45.0_-112.0,8686.334654205952,9223.0,0.9924373505223492,181.91749580088933,2.0942952700170756,0.6893586885391444
MT_45.0_-111.0,8686.33465420599,17710.0,2.4399356074513485,383.284703385825,4.41250215014725,1.2354527524459658
MT_45.0_-110.0,8686.334654205984,9182.0,1.9733535932344362,185.29978348633193,2.133233301074907,1.089690471768678
MT_45.0_-109.0,8686.334654205979,168957.0,24.772027160731646,460.958201149777,5.30670552655461,3.249289685161129
MT_45.0_-107.0,8686.334654205992,8165.0,0.6294806560302982,0.0,0.0,0.4882613481174983
MT_45.0_-106.0,8686.33465420588,1815.0,0.2124723290320555,0.0,0.0,0.1926615221522273
MT_45.0_-105.0,8686.334654205988,1308.0,0.15118247850609404,0.0,0.0,0.14078965627548276
MT_46.0_-114.0,8532.744091746481,3462.0,0.7739202772972718,381.7976774340134,4.474500504513164,0.5731919433608197
MT_46.0_-113.0,8532.744091746545,7053.0,1.1707344164842777,620.0462227233031,7.2666684487005115,0.7750655510703721
MT_46.0_-112.0,8532.744091746481,7668.0,2.4830031368052574,44.33085859051596,0.5195381241234708,1.2478948919878965
MT_46.0_-110.0,8532.744091746517,2056.0,0.5580574656933868,0.0,0.0,0.443439831038815
MT_46.0_-109.0,8532.74409174647,5152.0,1.0643357627522239,0.0,0.0,0.7248085101410974
MT_46.0_-107.0,8532.744091746525,8165.0,0.6294806560302982,272.08900119506046,3.188763172427077,0.4882613481174983
MT_46.0_-106.0,8532.744091746408,11961.0,1.2206691740702171,251.39780052425328,2.946271420086611,0.7978085802247239
MT_46.0_-105.0,8532.744091746508,2760.0,0.6575623824125237,70.9062090645339,0.8309895187542252,0.5053480788176253
MT_47.0_-116.0,8376.477943800013,13285.0,1.8581968206847692,186.26050043613915,2.2236135722652133,1.050190943716177
MT_47.0_-115.0,8376.477943799851,13285.0,1.8581968206847692,150.24217607493085,1.7936199090231946,1.050190943716177
MT_47.0_-113.0,8376.47794379993,73464.0,8.20170246999786,26.18521453091593,0.3126041124515538,2.219388518021878
MT_47.0_-112.0,8376.477943799911,84606.0,12.10677203950622,786.0878875854511,9.384467945352814,2.5731290462153305
MT_47.0_-111.0,8376.477943799937,5906.0,0.5740234305309581,0.0,0.0,0.4536350358634241
MT_47.0_-110.0,8376.477943799973,11687.0,1.039878681067306,0.0,0.0,0.7128903360226645
MT_47.0_-109.0,8376.477943799919,11687.0,1.039878681067306,0.0,0.0,0.7128903360226645
MT_47.0_-108.0,8376.477943799922,1094.0,0.09032190658071432,0.0,0.0,0.0864729797788471
MT_47.0_-107.0,8376.4779437999,1094.0,0.09032190658071432,0.0,0.0,0.0864729797788471
MT_47.0_-106.0,8376.477943799842,1670.0,0.24403316866563518,0.0,0.0,0.21835865687603626
MT_47.0_-105.0,8376.477943799924,11235.0,2.0809507381201167,118.34862851981146,1.41286862227591,1.125238230561071
MT_48.0_-116.0,8217.580424336818,21175.0,2.2631363965358036,0.0,0.0,1.1826888176985664
MT_48.0_-115.0,8217.58042433659,110695.0,8.401226973095243,13.696287902344784,0.16667056718767062,2.240840209810468
MT_48.0_-114.0,8217.580424336647,110695.0,8.401226973095243,0.0,0.0,2.240840209810468
MT_48.0_-113.0,8217.580424336667,13637.0,1.7579331935227938,0.0,0.0,1.0144815562796166
MT_48.0_-112.0,8217.580424336671,5061.0,1.020470834887283,557.9599250229163,6.789832240284466,0.7033305708305203
MT_48.0_-111.0,8217.580424336684,16155.0,2.15130314330314,0.0,0.0,1.1478160635755372
MT_48.0_-110.0,8217.580424336698,16155.0,2.15130314330314,0.0,0.0,1.1478160635755372
MT_48.0_-109.0,8217.580424336651,6949.0,0.63465717762691,0.0,0.0,0.49143310507145016
MT_48.0_-106.0,8217.580424336564,10526.0,1.7260288504482681,0.0,0.0,1.0028459166549721
MT_48.0_-105.0,8217.58042433667,3669.0,0.8447577988168922,0.0,0.0,0.6123479945212703
NC_33.0_-79.0,10306.032377320407,,,205.46605434067882,1.9936484460579627,
NC_34.0_-81.0,10187.623958379378,68314.0,36.30022885552983,372.50088404929636,3.6564059055488825,3.6189994621679404
NC_34.0_-80.0,10187.623958379383,27862.0,26.556908026341723,542.2479918498782,5.322614910652213,3.3162532492254115
NC_34.0_-79.0,10187.62395837938,29566.0,13.046943863367483,235.09075995072013,2.307611283172232,2.642404853497617
NC_34.0_-78.0,10187.623958379232,207906.0,105.33331135938174,296.56420922266864,2.9110243019791393,4.666578607465131
NC_34.0_-77.0,10187.62395837937,,,0.0,0.0,
NC_35.0_-84.0,10066.089438823268,14013.0,10.252485816445317,284.5598338320819,2.826915412996242,2.420589065703847
NC_35.0_-83.0,10066.089438823325,274360.0,161.35961636272472,1107.7150392292506,11.004422779684113,5.089813729087422
NC_35.0_-82.0,10066.089438823263,100991.0,83.99050631083313,712.1242839526217,7.074487945696912,4.442539559791686
NC_35.0_-81.0,10066.089438823288,236133.0,252.39009652655412,1498.2040178657649,14.88367480709473,5.534930184749799
NC_35.0_-80.0,10066.089438823312,104876.0,58.043671084937,1043.2242880854171,10.363749442378948,4.078277357982061
NC_35.0_-79.0,10066.089438823292,234263.0,114.20140363827245,1607.8316754944367,15.972753721949736,4.746681932547566
NC_35.0_-78.0,10066.089438823152,177193.0,104.87149901862263,916.5913599861212,9.105734312780772,4.662226085305042
NC_35.0_-77.0,10066.089438823321,4592.0,2.8954107910467077,60.10482232044163,0.5971020095313955,1.3597991400122968
NC_35.0_-76.0,10066.089438823295,37875.0,38.15895790095414,0.0,0.0,3.6676292059944875
NC_36.0_-83.0,9941.460731488842,160624.0,149.96550440481562,1064.7844120156537,10.71054285456289,5.017051363066558
NC_36.0_-82.0,9941.460731488782,26950.0,24.410715455914687,299.05041504422945,3.0081134264003193,3.2351709534061586
NC_36.0_-81.0,9941.460731488838,71425.0,51.77443665282927,1178.4934923316257,11.854329299906956,3.9660269191692024
NC_36.0_-80.0,9941.460731488824,22404.0,20.33038619866234,1018.409167140751,10.244059647240945,3.060132638210692
NC_36.0_-79.0,9941.460731488824,42322.0,64.74208972345575,419.0056358852011,4.214729074551716,4.185739355431734
NC_36.0_-78.0,9941.460731488689,16931.0,12.179931081013514,324.8941770377825,3.268072829666864,2.5786953000025346
NC_36.0_-77.0,9941.46073148882,10376.0,11.761749188567682,761.4816720022325,7.6596557846906475,2.546452352265075
ND_46.0_-104.0,8532.744091746534,766.0,0.24336618698594975,159.04759719313296,1.8639677398385228,0.21782236848780007
ND_46.0_-103.0,8532.744091746508,2432.0,0.8293305270888903,156.49507027539897,1.8340532493734625,0.6039500677285454
ND_46.0_-100.0,8532.744091746481,1819.0,0.7075566152631544,180.3166243871335,2.1132313643573286,0.535063468729036
ND_46.0_-99.0,8532.744091746494,4118.0,1.3874010610965952,277.55636133089854,3.252838223513251,0.8702053521356826
ND_46.0_-98.0,8532.7440917465,5643.0,2.526196618645133,314.46980887501365,3.6854475593518865,1.2602198449408972
ND_46.0_-97.0,8532.744091746395,6371.0,3.2752755383253365,911.95279382303,10.687684805936572,1.4528485537211273
ND_47.0_-104.0,8376.477943799922,14321.0,2.0032980370702718,0.0,0.0,1.0997110305202378
ND_47.0_-103.0,8376.477943799913,4040.0,0.7766289357331988,0.0,0.0,0.5747177123609842
ND_47.0_-102.0,8376.477943799926,8337.0,3.0868745628538345,0.0,0.0,1.4077805123699683
ND_47.0_-101.0,8376.477943799926,1303.0,0.5174632297390123,0.0,0.0,0.4170400128434559
ND_47.0_-100.0,8376.477943799931,3890.0,1.1821319344413113,0.0,0.0,0.7803023504964748
ND_47.0_-99.0,8376.477943799953,3358.0,2.0447447536477394,0.0,0.0,1.113417072902143
ND_47.0_-98.0,8376.47794379994,1804.0,0.9780738436459167,339.69479877999424,4.05534164906896,0.6821235649839217
ND_47.0_-97.0,8376.47794379984,30705.0,6.0148507517188285,105.96939672209626,1.265082979183792,1.9480294377356264
ND_48.0_-104.0,8217.580424336691,39555.0,7.350919674926457,0.0,0.0,2.1223716735074767
ND_48.0_-103.0,8217.58042433667,9507.0,2.0111481217202396,0.0,0.0,1.1023214418201028
ND_48.0_-102.0,8217.580424336704,2304.0,1.0140620660094115,0.0,0.0,0.7001536111052475
ND_48.0_-101.0,8217.580424336677,5207.0,1.0728366991036429,0.0,0.0,0.7289180551956967
ND_48.0_-100.0,8217.580424336646,3928.0,1.4893765534585153,0.0,0.0,0.9120322989891342
ND_48.0_-99.0,8217.580424336677,11556.0,3.7640633546766584,0.0,0.0,1.5611009500353283
ND_48.0_-98.0,8217.580424336686,10396.0,3.1319418815089097,293.92684763638727,3.576805245080552,1.4187474856959628
NE_40.0_-101.0,9412.677897348805,2569.0,1.0176894894006026,71.78312288661579,0.762621686086107,0.7019530396266335
NE_40.0_-100.0,9412.677897348802,9009.0,6.444271783486466,177.93156565351256,1.8903394718694158,2.0074448485227667
NE_40.0_-99.0,9412.677897348816,31052.0,21.28545195547446,174.95865391370262,1.858755349133764,3.103934086896232
NE_40.0_-98.0,9412.677897348796,5541.0,3.718291007663084,167.34855653833006,1.7779059090661753,1.5514466593849603
NE_40.0_-97.0,9412.677897348689,21629.0,9.807767591954077,203.414700718245,2.1610715137245027,2.380265097091583
NE_40.0_-96.0,9412.677897348809,5187.0,3.659355737172917,277.3835252428843,2.9469140266768568,1.5388771847540592
NE_41.0_-104.0,9273.092605123356,742.0,0.3840119434463085,178.20534045371605,1.9217465849015476,0.3249864868159799
NE_41.0_-102.0,9273.092605123322,484.0,0.2613059975931925,170.56004935049808,1.8393006153768463,0.2321476901882585
NE_41.0_-101.0,9273.092605123336,773.0,0.5229679945630488,110.47265896760248,1.191324875873308,0.4206610589601365
NE_41.0_-100.0,9273.092605123325,10518.0,1.5768157955756612,0.0,0.0,0.9465544489352123
NE_41.0_-99.0,9273.092605123333,2202.0,1.4920286013995872,0.0,0.0,0.9130970781464969
NE_41.0_-98.0,9273.092605123344,34716.0,19.854191403958207,0.0,0.0,3.037554954610416
NE_41.0_-97.0,9273.092605123225,37351.0,27.26946371935875,332.0711513218548,3.5810183879582005,3.3417822015700933
NE_42.0_-104.0,9130.62603943311,1171.0,0.21876448466438067,0.0,0.0,0.19783762811212074
NE_42.0_-102.0,9130.626039433144,5498.0,0.35616684287827954,0.0,0.0,0.3046622224200536
NE_42.0_-101.0,9130.626039433106,5498.0,0.35616684287827954,0.0,0.0,0.3046622224200536
NE_42.0_-100.0,9130.626039433095,1319.0,0.5050811121590469,0.0,0.0,0.40884679187083944
NE_42.0_-99.0,9130.626039433095,10102.0,1.6171832128103532,0.0,0.0,0.9620986298137351
NE_42.0_-98.0,9130.626039433082,8363.0,2.9136177527758833,0.0,0.0,1.3644622026757862
NE_42.0_-97.0,9130.626039432984,17081.0,14.313432811532158,385.2933755258427,4.219791434473967,2.7287304047536423
NH_43.0_-72.0,8985.317280821611,64659.0,62.12512859672947,739.2146460762293,8.226917569778193,4.145118924769362
NH_44.0_-72.0,8837.206439403284,31271.0,6.727949227035775,270.1027727969346,3.056427103395502,2.0448435268880876
NJ_39.0_-76.0,9549.343865047827,65275.0,75.94397214287378,1609.823550679922,16.857949335892506,4.343077522491076
NJ_39.0_-75.0,9549.343865047847,276270.0,191.99559608928732,474.22714976466165,4.966070511927109,5.262667370454325
NJ_40.0_-76.0,9412.677897348833,378792.0,423.50817077270443,2239.5328657907403,23.792728171666486,6.050931253558399
NJ_40.0_-75.0,9412.677897348833,349846.0,447.46949532254155,3220.7037494920437,34.216657412649646,6.105840664297308
NJ_41.0_-75.0,9273.09260512336,406616.0,193.32536963045578,1088.3895839858926,11.737072305139714,5.269533917239552
NM_31.0_-107.0,10533.348313360359,,,738.2063035899843,7.008277725456521,
NM_32.0_-109.0,10421.2837940184,27775.0,2.7072526687952307,355.30259942116294,3.409393760345527,1.3102910817582043
NM_32.0_-105.0,10421.283794018418,61105.0,5.649139283520921,0.0,0.0,1.8944874152413562
NM_32.0_-104.0,10421.283794018444,73733.0,6.482553962900284,0.0,0.0,2.0125741725998054
NM_33.0_-109.0,10306.03237732037,3743.0,0.20871481483797394,0.0,0.0,0.18955765864440863
NM_33.0_-108.0,10306.032377320422,16200.0,0.9410910911959011,378.25641756779567,3.67024286087235,0.6632502331196457
NM_33.0_-106.0,10306.032377320278,20224.0,1.616299814342296,0.0,0.0,0.9617610349569775
NM_34.0_-109.0,10187.623958379341,3743.0,0.20871481483797394,0.0,0.0,0.18955765864440863
NM_34.0_-108.0,10187.62395837941,16200.0,0.9410910911959011,46.63530763137533,0.4577643209240893,0.6632502331196457
NM_34.0_-107.0,10187.623958379369,78458.0,28.398172017145225,482.6041464224658,4.737160974866192,3.380932496124033
NM_34.0_-105.0,10187.62395837938,1576.0,0.261932428988476,166.22525495226648,1.631639091032068,0.23264421988719963
NM_34.0_-104.0,10187.623958379376,47638.0,13.086320577969186,0.0,0.0,2.6452041546876432
NM_35.0_-107.0,10066.089438823292,153604.0,15.984833655097747,680.4742361312376,6.7600654679935355,2.832320807928896
NM_35.0_-106.0,10066.089438823174,26850.0,2.1956605431306997,728.2790216940067,7.234974675320884,1.1617938092250704
NM_35.0_-104.0,10066.089438823312,741.0,0.13460580635657163,256.0636175811306,2.5438241845292353,0.12628528343343443
NM_36.0_-109.0,9941.4607314888,120942.0,8.463658806207551,0.0,0.0,2.2474590742729883
NM_36.0_-108.0,9941.46073148883,40070.0,2.6397281767216416,0.0,0.0,1.29190900213538
NM_36.0_-107.0,9941.460731488805,40070.0,2.6397281767216416,0.0,0.0,1.29190900213538
NM_36.0_-106.0,9941.46073148868,34543.0,6.055798670665255,0.0,0.0,1.9538497852284313
NV_35.0_-116.0,10066.089438823437,2197104.0,42.271256714080266,388.3627195627986,3.858129037329435,3.767488597357452
NV_35.0_-115.0,10066.08943882322,220517.0,6.3862393807420395,198.10513681950158,1.9680446714038056,1.9996187259704405
NV_36.0_-117.0,9941.460731488669,54344.0,1.1540224271814716,0.0,0.0,0.7673369905562571
NV_36.0_-116.0,9941.46073148893,2329548.0,113.9739141938958,718.114711343363,7.223432559249379,4.7447052695361736
NV_36.0_-115.0,9941.460731488702,2329548.0,113.9739141938958,309.5303104838786,3.113529478655673,4.7447052695361736
NV_37.0_-119.0,9813.770764663963,13148.0,1.6650150615530082,0.0,0.0,0.9802097092164748
NV_37.0_-118.0,9813.770764664223,1028.0,0.11081108546212837,0.0,0.0,0.10509045611094485
NV_37.0_-117.0,9813.770764663976,54344.0,1.1540224271814716,0.0,0.0,0.7673369905562571
NV_37.0_-115.0,9813.770764663996,4405.0,0.15994717708057613,0.0,0.0,0.1483744670819293
NV_38.0_-120.0,9683.053485860988,13148.0,1.6650150615530082,0.0,0.0,0.9802097092164748
NV_38.0_-117.0,9683.05348586098,54344.0,1.1540224271814716,0.0,0.0,0.7673369905562571
NV_39.0_-120.0,9549.343865047735,4140.0,6.059380657091387,568.8563347062162,5.9570201130606435,1.9543573220325836
NV_39.0_-119.0,9549.343865047682,25805.0,2.0127374103918463,140.4355516562778,1.4706303767141238,1.102849104140381
NV_39.0_-118.0,9549.343865048017,5770.0,0.4036437570577841,0.0,0.0,0.33907153911830074
NV_40.0_-120.0,9412.677897348705,497200.0,30.394846341503477,0.0,0.0,3.4466437501920466
NV_40.0_-119.0,9412.67789734866,6487.0,0.4149106364156903,448.51767053389847,4.765037914026951,0.3470663746243291
NV_40.0_-118.0,9412.677897349005,6487.0,0.4149106364156903,257.3575390664331,2.734158566489516,0.3470663746243291
NV_40.0_-117.0,9412.677897348654,1585.0,0.14655594789214646,192.5996792544086,2.0461730588768976,0.13676262098446074
NV_40.0_-116.0,9412.677897348889,54047.0,1.2151223914543998,124.34756707610211,1.3210647217740767,0.7953076577061777
NV_40.0_-115.0,9412.67789734869,54047.0,1.2151223914543998,198.30006855233083,2.1067338191630554,0.7953076577061777
NV_41.0_-119.0,9273.09260512321,17289.0,0.6924037526052994,0.0,0.0,0.526149857188958
NV_41.0_-118.0,9273.092605123511,17289.0,0.6924037526052994,20.01072414989333,0.21579342514963273,0.526149857188958
NV_41.0_-115.0,9273.092605123235,54047.0,1.2151223914543998,198.83066799481793,2.1441678247121914,0.7953076577061777
NY_41.0_-75.0,9273.09260512336,406616.0,193.32536963045578,1088.3895839858926,11.737072305139714,5.269533917239552
NY_41.0_-74.0,9273.092605123302,627071.0,454.9903701670644,1975.9117150802213,21.308012323618417,6.122471691236713
NY_42.0_-80.0,9130.626039433128,125544.0,45.711369184870435,830.1119221138504,9.091511562611183,3.8439875865415
NY_42.0_-79.0,9130.626039433118,76145.0,22.47373690093106,1585.1495584807367,17.36079817128456,3.1558822175096024
NY_42.0_-78.0,9130.626039432977,92588.0,25.708866872729413,1244.7169882775925,13.63232907472017,3.2849956028872462
NY_42.0_-77.0,9130.626039433137,104537.0,85.03631431807153,718.9547262889,7.874101109648944,4.454769466639508
NY_42.0_-76.0,9130.62603943312,46321.0,20.017658720184965,474.33859516603513,5.195028173506104,3.0453629758096703
NY_42.0_-75.0,9130.626039433151,30049.0,18.658139549796,503.301340561173,5.512232549964548,2.9784914789999
NY_42.0_-74.0,9130.626039433075,160332.0,94.87879243438857,1021.6582102427978,11.18935553630705,4.563084814935229
NY_43.0_-79.0,8985.317280821648,210721.0,155.7577914623318,283.5190318236796,3.1553591594236243,5.05470188457648
NY_43.0_-78.0,8985.317280821557,753753.0,442.999219859586,484.13476098436183,5.388065283100341,6.095822805357677
NY_43.0_-77.0,8985.317280821688,117953.0,47.85721944297571,655.4586396640983,7.294774565869955,3.8889021555523495
NY_43.0_-76.0,8985.317280821675,26607.0,8.049005240785451,494.2852925715234,5.50103326486344,2.2026548335251386
NY_43.0_-74.0,8985.31728082161,60522.0,28.113506079449067,542.4681052796365,6.0372726785896385,3.3712021929456335
NY_44.0_-75.0,8837.206439403371,46696.0,11.065777412300635,0.0,0.0,2.49037313233479
NY_44.0_-74.0,8837.20643940333,78493.0,29.20383950143819,757.0913222396011,8.56708879022994,3.4079690521089634
OH_38.0_-84.0,9683.053485861088,12965.0,10.36706150511318,195.94765493519589,2.023614299160001,2.4307198315382834
OH_38.0_-83.0,9683.053485861134,56819.0,48.38615540294255,279.1178758059405,2.8825398539159055,3.8996701299139422
OH_39.0_-85.0,9549.343865047831,392876.0,325.15577543516395,1327.863515140309,13.905285367306833,5.787375105996295
OH_39.0_-84.0,9549.343865047773,28876.0,27.436414487052044,887.8089017955965,9.297067048188813,3.34767052409872
OH_39.0_-83.0,9549.343865047855,27799.0,25.473526316824753,643.4358630942293,6.738011241267672,3.2761452267399074
OH_40.0_-85.0,9412.677897348813,42484.0,35.47036608836764,266.6880229645407,2.8332853399738287,3.596500042838967
OH_40.0_-84.0,9412.677897348785,67324.0,60.21143861447903,441.94699934219904,4.695231305712476,4.114334077518974
OH_40.0_-83.0,9412.677897348827,63142.0,46.3925865801647,725.8001338042411,7.7108782614209055,3.85846581520673
OH_40.0_-82.0,9412.67789734876,92385.0,62.847471354388205,687.8293408679606,7.307477727052568,4.1564969787873345
OH_40.0_-81.0,9412.677897348784,166324.0,147.73130510779976,2111.0941908384934,22.42819964585332,5.002141356579788
OH_41.0_-85.0,9273.092605123367,36719.0,33.70246875728186,783.4064035777187,8.448167584834513,3.5468108301650685
OH_41.0_-84.0,9273.092605123295,132064.0,82.61983776964495,1223.432925376884,13.193364689369641,4.4262807858361874
OH_41.0_-83.0,9273.092605123353,74581.0,114.59311789113212,872.918640411116,9.413457598049128,4.750076420652333
OH_41.0_-82.0,9273.092605123325,1245873.0,1052.1038520127613,2213.5660579836062,23.870850343504873,6.959497132164271
OH_41.0_-81.0,9273.092605123338,82716.0,31.547054593835878,1137.9836642763614,12.271889354880711,3.482686875891595
OK_33.0_-98.0,10306.032377320405,21046.0,8.729032716486374,547.3971620286198,5.31142482371033,2.275114478767611
OK_33.0_-97.0,10306.032377320276,143337.0,59.32763041207008,633.2179077489158,6.144148247994948,4.0997902145732334
OK_33.0_-95.0,10306.032377320407,92115.0,40.19010581925062,328.56093911083826,3.188044895277778,3.7181980774966585
OK_34.0_-100.0,10187.623958379376,24678.0,11.870926421283572,29.645222132400683,0.2909925047637563,2.5549710020230996
OK_34.0_-99.0,10187.623958379376,121825.0,43.987591884758146,710.0473631227786,6.9697052622241795,3.8063867158539253
OK_34.0_-98.0,10187.623958379372,48555.0,22.7984457159281,263.80435381379596,2.5894590818383665,3.169620272491455
OK_34.0_-97.0,10187.623958379245,5320.0,3.9747930430049108,153.32520602101172,1.5050143845847674,1.6043837703492794
OK_34.0_-96.0,10187.623958379376,10790.0,2.9852547026422678,244.71675114008133,2.4020983905555378,1.3826012255427835
OK_34.0_-95.0,10187.623958379376,30863.0,6.43850639432284,0.0,0.0,2.006670075240098
OK_35.0_-100.0,10066.089438823303,22148.0,9.48388969456609,205.41481536370813,2.040661536062415,2.349839764093915
OK_35.0_-99.0,10066.08943882331,26447.0,7.991559873299906,206.0458647361265,2.0469305979086605,2.1962863454787627
OK_35.0_-98.0,10066.089438823303,806199.0,439.095861698501,1898.1086791739601,18.856465469631704,6.086992570679223
OK_35.0_-97.0,10066.089438823185,11278.0,7.040828935432096,627.8173214840202,6.2369535389049515,2.0845321792981912
OK_35.0_-96.0,10066.08943882331,19400.0,12.11466895860883,601.7313680458363,5.977806691494851,2.573731371567467
OK_35.0_-95.0,10066.089438823303,39860.0,22.848212574872278,451.5965122114684,4.486315315953111,3.171709270076075
OK_36.0_-103.0,9941.4607314888,7298.0,1.874325851213817,0.0,0.0,1.0558181602187233
OK_36.0_-102.0,9941.460731488842,20774.0,3.9293175519814927,0.0,0.0,1.5952005508826548
OK_36.0_-101.0,9941.460731488836,5028.0,1.069694582787657,0.0,0.0,0.7274010518444847
OK_36.0_-100.0,9941.460731488809,20158.0,6.262580015469232,0.0,0.0,1.9827351397378843
OK_36.0_-99.0,9941.46073148881,5696.0,2.5378803357261557,0.0,0.0,1.2635277725896097
OK_36.0_-98.0,9941.46073148881,62146.0,22.668435753520335,401.6709512773999,4.040361493408491,3.164142335728299
OK_36.0_-97.0,9941.460731488694,45997.0,7.904788125050264,733.997533906502,7.383196028543672,2.18658912365119
OK_36.0_-96.0,9941.460731488822,98610.0,56.342888877974815,1259.7550080299777,12.67172945762185,4.049048840734334
OK_36.0_-95.0,9941.460731488813,23701.0,16.96375289764551,897.1235613268257,9.024061811009883,2.888355999711463
OR_42.0_-124.0,9130.62603943296,88179.0,20.776937389981786,563.5146968923036,6.17169835297843,3.080851491914184
OR_42.0_-123.0,9130.626039433284,222645.0,30.88608264517929,210.24969560803777,2.302686526641359,3.462169633877295
OR_42.0_-122.0,9130.626039432998,70247.0,4.558485623795285,20.731225314335568,0.2270515211640729,1.7153257013421028
OR_42.0_-121.0,9130.62603943319,8267.0,0.39219312028127007,0.0,0.0,0.3308802881235478
OR_42.0_-118.0,9130.626039433273,31954.0,1.2477624143404407,0.0,0.0,0.8099352388751414
OR_43.0_-125.0,8985.317280821839,,,0.0,0.0,
OR_43.0_-124.0,8985.317280821506,112072.0,8.592936515265185,676.7295455104615,7.53150416797068,2.26102704799521
OR_43.0_-123.0,8985.31728082182,384207.0,32.57359386694699,0.0,0.0,3.513739861173307
OR_43.0_-122.0,8985.317280821584,70247.0,4.558485623795285,14.808549122620754,0.1648083051472025,1.7153257013421028
OR_43.0_-121.0,8985.317280821731,8267.0,0.39219312028127007,0.0,0.0,0.3308802881235478
OR_43.0_-120.0,8985.317280821557,7499.0,0.2856971643920502,0.0,0.0,0.2513011116082786
OR_43.0_-118.0,8985.317280821819,31954.0,1.2477624143404407,0.0,0.0,0.8099352388751414
OR_44.0_-124.0,8837.206439403248,96303.0,55.06861901144737,438.03267360588757,4.9566871228988365,4.026576280109549
OR_44.0_-123.0,8837.206439403515,130706.0,22.04223729273802,153.99544997353965,1.7425806563361654,3.1373289358328647
OR_44.0_-122.0,8837.206439403237,25203.0,5.461612819713622,0.0,0.0,1.865878949128385
OR_44.0_-121.0,8837.206439403424,26277.0,3.4057898589616173,0.0,0.0,1.4829195529535046
OR_44.0_-120.0,8837.206439403259,7209.0,0.6147391115706705,0.0,0.0,0.4791734028023815
OR_44.0_-119.0,8837.206439403253,7209.0,0.6147391115706705,0.0,0.0,0.4791734028023815
OR_44.0_-118.0,8837.206439403497,16840.0,2.1193061600642857,727.450829736247,8.231683108506733,1.1376105924954902
OR_45.0_-124.0,8686.334654205899,27496.0,9.623307385054673,0.0,0.0,2.363050397184071
OR_45.0_-123.0,8686.334654206134,801477.0,717.9539268443434,1026.7097491310392,11.819827234423688,6.577797276174604
OR_45.0_-122.0,8686.334654205868,23905.0,17.67497247129507,482.3920386756531,5.553459058155006,2.9271842569238222
OR_45.0_-121.0,8686.334654206044,1938.0,0.9085148809095606,527.139199277921,6.068603389839152,0.6463253903483118
OR_45.0_-120.0,8686.334654205908,12300.0,2.338827115200831,629.3346121869266,7.245111283873963,1.2056195822028808
OR_45.0_-119.0,8686.334654205875,79940.0,9.598969840766108,702.6789296516671,8.089475683641014,2.3607568115618833
OR_45.0_-118.0,8686.334654206124,7553.0,0.9269946795705547,134.87648258612353,1.5527433371544488,0.6559616284375277
OR_46.0_-119.0,8532.74409174638,62161.0,18.897537639688398,64.55830743339614,0.756594909436492,2.9905959873753543
PA_39.0_-80.0,9549.34386504782,34160.0,20.328247629281645,720.4307580325719,7.544295903611428,3.0600323738941597
PA_39.0_-78.0,9549.343865047696,287048.0,167.76513835854513,1474.860456704199,15.444626118266108,5.128508034520425
PA_39.0_-77.0,9549.343865047826,850796.0,548.992504358063,1938.6864576563087,20.30177659380579,6.309904649693763
PA_39.0_-76.0,9549.343865047827,65275.0,75.94397214287378,1609.823550679922,16.857949335892506,4.343077522491076
PA_40.0_-81.0,9412.677897348784,166324.0,147.73130510779976,2111.0941908384934,22.42819964585332,5.002141356579788
PA_40.0_-80.0,9412.677897348798,352500.0,132.43128062704415,1739.4777130250604,18.480157634152196,4.893586593452738
PA_40.0_-79.0,9412.677897348829,121277.0,89.17975312952734,995.4085724608778,10.575190007736737,4.501804935459
PA_40.0_-78.0,9412.677897348658,23379.0,23.06309357556886,1119.5855095079144,11.894441961338938,3.18067927981934
PA_40.0_-77.0,9412.67789734876,144186.0,153.85601550834832,1431.7645009262976,15.21102194870153,5.042495752990139
PA_40.0_-76.0,9412.677897348833,378792.0,423.50817077270443,2239.5328657907403,23.792728171666486,6.050931253558399
PA_41.0_-81.0,9273.092605123338,82716.0,31.547054593835878,1137.9836642763614,12.271889354880711,3.482686875891595
PA_41.0_-80.0,9273.09260512335,6715.0,6.068160790030978,210.10183829388896,2.265714872488262,1.9556003032126987
PA_41.0_-79.0,9273.092605123336,30506.0,14.244064255482806,160.0283192815635,1.72572760885779,2.7241901981354255
PA_41.0_-78.0,9273.092605123169,113489.0,35.6559923792284,550.2801444359295,5.934159916961387,3.6015769178114128
PA_41.0_-77.0,9273.092605123331,5888.0,5.052612151827075,445.57058022386667,4.804983614395175,1.8004899394935232
PA_41.0_-76.0,9273.092605123345,216146.0,181.86308359006233,1207.4410273726637,13.02090983870427,5.208737695713767
RI_41.0_-72.0,9273.092605123278,130344.0,152.8374557898335,1295.4802636155694,13.970315177267087,5.035896563116166
SC_32.0_-82.0,10421.283794018405,69143.0,55.75312693113379,679.2339806578495,6.517757256046662,4.038710754951642
SC_32.0_-81.0,10421.28379401841,38783.0,14.173945928798505,321.20545321689275,3.082206180789911,2.7195798734983376
SC_32.0_-80.0,10421.283794018433,,,105.59415396856826,1.0132547587771938,
SC_33.0_-83.0,10306.032377320456,21718.0,32.579845621456116,455.1394127768356,4.416242799493037,3.513926054302797
SC_33.0_-82.0,10306.032377320416,174160.0,62.804868167464576,386.0388462775589,3.7457561954402627,4.155829491005051
SC_33.0_-81.0,10306.032377320424,83253.0,29.053473563179047,615.3402083615158,5.97067994581155,3.402978247085546
SC_33.0_-80.0,10306.032377320424,64811.0,30.754247130281414,35.29896346590734,0.3425077874157145,3.4580264842754542
SC_33.0_-79.0,10306.032377320407,,,205.46605434067882,1.9936484460579627,
SC_34.0_-83.0,10187.623958379401,210478.0,113.84119324133168,623.1715412566924,6.1169468347340095,4.743550245666766
SC_34.0_-82.0,10187.623958379356,26885.0,20.210810351475043,565.9214946537485,5.554990024816101,3.0545109739511904
SC_34.0_-81.0,10187.623958379378,68314.0,36.30022885552983,372.50088404929636,3.6564059055488825,3.6189994621679404
SC_34.0_-80.0,10187.623958379383,27862.0,26.556908026341723,542.2479918498782,5.322614910652213,3.3162532492254115
SC_34.0_-79.0,10187.62395837938,29566.0,13.046943863367483,235.09075995072013,2.307611283172232,2.642404853497617
SC_35.0_-82.0,10066.089438823263,100991.0,83.99050631083313,712.1242839526217,7.074487945696912,4.442539559791686
SD_43.0_-104.0,8985.317280821688,8892.0,2.2051033022155,0.0,0.0,1.1647443214337063
SD_43.0_-102.0,8985.31728082169,2802.0,0.5804326452010103,213.4464082490716,2.3755021840425465,0.4576986356319466
SD_43.0_-99.0,8985.317280821697,2642.0,1.4398582354602505,179.5338298077592,1.9980800254094204,0.8919399373960184
SD_43.0_-98.0,8985.317280821686,5751.0,3.8670376884579487,167.2666629835989,1.8615554437973365,1.5824854744946346
SD_43.0_-97.0,8985.317280821564,12162.0,7.991320015071148,431.7392506169904,4.804941630035737,2.1962596691921767
SD_44.0_-104.0,8837.206439403368,30546.0,3.397897323292223,582.629246032395,6.592912025168561,1.4811265456327167
SD_44.0_-101.0,8837.206439403357,17664.0,9.197383555151932,0.0,0.0,2.3221311731840397
SD_44.0_-99.0,8837.206439403348,19309.0,5.92298527915705,0.0,0.0,1.9348470753260196
SD_44.0_-98.0,8837.206439403357,5244.0,2.4328647413926783,56.456107623145655,0.638845635329045,1.2333951141633048
SD_44.0_-97.0,8837.206439403251,35353.0,17.229957296160297,197.97890095168478,2.240288289169509,2.9030662461842787
SD_45.0_-102.0,8686.33465420599,3806.0,0.5950148890922763,0.0,0.0,0.4668830710473301
SD_45.0_-100.0,8686.334654206008,4048.0,1.3880716741685843,0.0,0.0,0.8704862093883877
SD_45.0_-99.0,8686.334654206006,37877.0,8.53714680049913,0.0,0.0,2.255194363211781
SD_45.0_-98.0,8686.334654205979,5437.0,2.0410864554315946,195.76939897384486,2.2537630285640913,1.1122148382258612
SD_45.0_-97.0,8686.334654205872,5127.0,3.9659994641607508,265.6623541960284,3.058394187787783,1.6026145791843884
TN_34.0_-86.0,10187.623958379369,25036.0,30.85103824975825,509.0712382455598,4.996957488078919,3.461069979595445
TN_35.0_-91.0,10066.089438823295,22543.0,11.47824967080634,809.148487192939,8.038359803084829,2.523987102368556
TN_35.0_-90.0,10066.0894388233,61553.0,52.162368296026266,773.990787375655,7.689091102156278,3.973350783191802
TN_35.0_-89.0,10066.089438823321,17611.0,23.796928998948353,191.14035775405463,1.8988541569763568,3.2107198148157177
TN_35.0_-88.0,10066.089438823303,12992.0,17.782285616380687,181.0273040177648,1.7983875974673078,2.93291417118729
TN_35.0_-87.0,10066.08943882318,52237.0,42.582668058319484,567.1676351690693,5.6344386627601475,3.7746595497241557
TN_35.0_-86.0,10066.08943882329,16809.0,24.4121404733382,699.0032043345749,6.944138620889179,3.2352270312238187
TN_35.0_-85.0,10066.089438823308,54884.0,49.26762274831529,551.4899965348226,5.478691600015129,3.9173611869168132
TN_35.0_-84.0,10066.089438823268,14013.0,10.252485816445317,284.5598338320819,2.826915412996242,2.420589065703847
TN_36.0_-89.0,9941.460731488818,32412.0,22.271384944726005,362.04057511179565,3.641724137832781,3.1472244918614387
TN_36.0_-88.0,9941.460731488807,234153.0,167.67831249917788,371.7079453585384,3.7389670934491774,5.127993424673574
TN_36.0_-87.0,9941.460731488683,204424.0,149.07543205412773,929.3481542315832,9.3482052520507,5.0111380480551535
TN_36.0_-86.0,9941.460731488807,7670.0,12.52023758879499,330.160401914146,3.321045174663201,2.6041876435961364
TN_36.0_-85.0,9941.460731488833,22113.0,16.039578655870905,315.6037190750037,3.174621190982051,2.8355387943273187
TN_36.0_-84.0,9941.460731488802,32466.0,28.842785931285025,257.9025485290947,2.594211811471613,3.3959431332860506
TN_36.0_-83.0,9941.460731488842,160624.0,149.96550440481562,1064.7844120156537,10.71054285456289,5.017051363066558
TX_25.0_-98.0,11137.261926103678,,,123.40083857247544,1.1079997883792851,
TX_26.0_-99.0,11044.890906844608,66067.0,20.85435570279926,265.8272462177574,2.406789242735047,3.084400247340762
TX_26.0_-98.0,11044.890906844605,20139.0,13.165492572846123,514.8051506697254,4.6610252198208375,2.6508089066168936
TX_27.0_-100.0,10949.17444826593,269294.0,30.931149456058577,171.89686238507048,1.5699527228949628,3.4635820053289237
TX_27.0_-99.0,10949.17444826594,9742.0,2.097270705314672,12.997939294788097,0.11871159196706951,1.1305213060554302
TX_27.0_-98.0,10949.174448265938,30579.0,13.396727042326143,338.10497290137243,3.0879494568188144,2.6670008920206065
TX_28.0_-100.0,10850.136524554726,8380.0,2.4347754017402514,234.83648519061148,2.1643643345791803,1.2339515383081487
TX_28.0_-99.0,10850.136524554735,700.0,0.23712202422026213,278.6852929768066,2.5684957267230626,0.212787733832421
TX_28.0_-98.0,10850.136524554733,7141.0,3.2360558715029453,125.74834313717732,1.1589563214490313,1.4436326173365361
TX_28.0_-97.0,10850.136524554606,19868.0,15.132367159972596,0.0,0.0,2.7808276364826336
TX_28.0_-96.0,10850.136524554744,,,0.5440845700642593,0.005014541234877105,
TX_29.0_-105.0,10747.802081233716,,,0.0,0.0,
TX_29.0_-104.0,10747.802081233729,9503.0,0.5933488702187676,0.0,0.0,0.4658380089710394
TX_29.0_-101.0,10747.802081233725,3157.0,0.8959166623803425,0.0,0.0,0.6397024484260577
TX_29.0_-100.0,10747.802081233718,24881.0,6.190136946030971,18.846282832917485,0.17535011056655184,1.9727102182874476
TX_29.0_-99.0,10747.802081233727,2067341.0,643.5268148567084,1652.6784144667456,15.376896615470953,6.468516427187463
TX_29.0_-98.0,10747.802081233718,19851.0,7.185349404196355,358.8993572246155,3.3392814131856268,2.102345898268281
TX_29.0_-97.0,10747.802081233582,21006.0,8.445836212678223,297.5759812253152,2.768714747221702,2.2455740319924757
TX_29.0_-96.0,10747.802081233718,893767.0,400.4310162403684,3631.066858229914,33.78427357319843,5.99503570353243
TX_29.0_-95.0,10747.80208123372,358990.0,365.3192554678174,505.07177071870404,4.699302861192321,5.903505235882856
TX_29.0_-94.0,10747.802081233725,,,42.27201952695124,0.3933085035196228,
TX_30.0_-105.0,10642.19704166815,5930.0,0.5938874194240777,0.0,0.0,0.46617595015989044
TX_30.0_-103.0,10642.197041668143,14896.0,1.2073000542836987,303.5728307835175,2.8525390912695694,0.7917700737578338
TX_30.0_-101.0,10642.197041668154,3277.0,0.8702291609874886,204.28776471990355,1.9196014123779241,0.6260609693409639
TX_30.0_-100.0,10642.197041668149,4389.0,1.3546195795230085,286.80666149299964,2.6949948433584265,0.8563791770622834
TX_30.0_-99.0,10642.197041668149,12446.0,6.775347659863483,15.521329706307451,0.14584704310149202,2.0509581721605894
TX_30.0_-98.0,10642.197041668154,672688.0,232.76158877112874,952.2728111943333,8.948084756050198,5.454301744570364
TX_30.0_-97.0,10642.197041668025,18857.0,11.046766089104121,205.27654888480117,1.9288925781121111,2.4887962495696185
TX_30.0_-96.0,10642.19704166816,684432.0,253.56565523560644,1091.1791935469791,10.253326350513966,5.539558780070267
TX_30.0_-95.0,10642.197041668154,57642.0,24.99020737814174,311.6820409541095,2.9287377383989277,3.2577198277728447
TX_30.0_-94.0,10642.197041668149,36676.0,12.234084296347977,328.0357539354694,3.0824063175215395,2.582795645249797
TX_31.0_-107.0,10533.348313360359,,,738.2063035899843,7.008277725456521,
TX_31.0_-104.0,10533.348313360355,12664.0,1.8553858807007153,280.38581853159945,2.661886896647687,1.0492069935896973
TX_31.0_-103.0,10533.348313360331,4610.0,2.267228333059688,345.34614712452446,3.278597999901825,1.183942020920395
TX_31.0_-102.0,10533.348313360368,3232.0,1.0617437083478285,0.0,0.0,0.7235520851189735
TX_31.0_-101.0,10533.348313360357,119577.0,30.328009163320218,81.74357718241818,0.7760455151638318,3.4445125588442336
TX_31.0_-100.0,10533.348313360357,7833.0,2.3947294087687627,0.0,0.0,1.2222240549678733
TX_31.0_-99.0,10533.348313360355,4511.0,2.327786143270339,0.0,0.0,1.2023072610595769
TX_31.0_-98.0,10533.348313360351,266067.0,99.0932884959682,738.8883589277298,7.01475292515044,4.606102636081032
TX_31.0_-97.0,10533.348313360222,22283.0,9.50212992205911,184.06087205805065,1.7474108572351366,2.3515780863121702
TX_31.0_-96.0,10533.348313360355,22051.0,6.916293941200263,70.81647690356498,0.6723073689089188,2.0689231595926443
TX_31.0_-95.0,10533.348313360351,65162.0,26.586241874668058,21.741573794658485,0.20640705260910985,3.3173171656373666
TX_31.0_-94.0,10533.348313360355,21977.0,9.791210598162818,142.50085997904236,1.3528543416559786,2.3787319692844617
TX_32.0_-103.0,10421.283794018422,18610.0,4.788052088809593,27.129958360789114,0.26033220951492647,1.755795808177532
TX_32.0_-102.0,10421.283794018444,32290.0,13.840342314210876,258.53363676959543,2.4808233023841773,2.6973493044685375
TX_32.0_-101.0,10421.283794018434,14454.0,6.119230322295606,312.324424268217,2.9969860762018947,1.9627996187793928
TX_32.0_-100.0,10421.283794018416,14241.0,6.113687954335082,369.6598049905956,3.547161868893466,1.9620208089621867
TX_32.0_-99.0,10421.283794018436,18011.0,7.505694204221911,276.2329918189232,2.650661830910643,2.140735845588203
TX_32.0_-98.0,10421.283794018433,195597.0,104.15757864319868,1617.3708036810337,15.519880617869422,4.655459974142032
TX_32.0_-97.0,10421.283794018294,172604.0,85.36193517139061,2552.56805205677,24.493796565850328,4.45854701358673
TX_32.0_-96.0,10421.283794018429,241740.0,101.28901161271982,252.86320206882107,2.4264112470860697,4.627802253822955
TX_32.0_-95.0,10421.283794018433,70155.0,30.094704386275687,228.24801579566855,2.190210153634598,3.4370375277177923
TX_33.0_-103.0,10306.032377320404,21363.0,9.080113194783129,15.840084640771522,0.15369721402806213,2.310564492221354
TX_33.0_-102.0,10306.03237732042,5041.0,2.1621241919984056,410.8510046241657,3.986509934980307,1.1512440144228153
TX_33.0_-101.0,10306.03237732041,211.0,0.08943897128594,0.0,0.0,0.08566285849258254
TX_33.0_-100.0,10306.032377320393,3307.0,1.5010676237941056,37.79144589650395,0.36669248177085456,0.9167176902321043
TX_33.0_-99.0,10306.032377320418,8867.0,3.790112822229385,224.97464481532668,2.1829413743198463,1.5665539648467728
TX_33.0_-98.0,10306.032377320405,21046.0,8.729032716486374,547.3971620286198,5.31142482371033,2.275114478767611
TX_33.0_-97.0,10306.032377320276,143337.0,59.32763041207008,633.2179077489158,6.144148247994948,4.0997902145732334
TX_33.0_-96.0,10306.032377320407,50669.0,21.561479778284973,333.5813038925649,3.23675777136746,3.1162440174878165
TX_33.0_-95.0,10306.032377320407,92115.0,40.19010581925062,328.56093911083826,3.188044895277778,3.7181980774966585
TX_34.0_-103.0,10187.623958379365,7344.0,3.1701626309919377,0.0,0.0,1.4279550352880954
TX_34.0_-102.0,10187.623958379394,6937.0,3.008888252862742,374.86170728745253,3.6795793486186357,1.3885139592042186
TX_34.0_-101.0,10187.623958379387,2820.0,1.2323916503745582,0.0,0.0,0.8030734997238201
TX_34.0_-100.0,10187.623958379376,24678.0,11.870926421283572,29.645222132400683,0.2909925047637563,2.5549710020230996
TX_34.0_-99.0,10187.623958379376,121825.0,43.987591884758146,710.0473631227786,6.9697052622241795,3.8063867158539253
TX_35.0_-104.0,10066.089438823312,741.0,0.13460580635657163,256.0636175811306,2.5438241845292353,0.12628528343343443
TX_35.0_-103.0,10066.089438823286,2249.0,0.5786940077581751,187.27241925552528,1.860428723524408,0.4565979278671947
TX_35.0_-102.0,10066.089438823306,5801.0,2.433920765165815,496.1549501472867,4.928974187669106,1.2337026885823552
TX_35.0_-101.0,10066.089438823285,4862.0,2.052664018607086,312.82269964126135,3.107688457791311,1.116014658108595
TX_36.0_-103.0,9941.4607314888,7298.0,1.874325851213817,0.0,0.0,1.0558181602187233
TX_36.0_-102.0,9941.460731488842,20774.0,3.9293175519814927,0.0,0.0,1.5952005508826548
TX_36.0_-101.0,9941.460731488836,5028.0,1.069694582787657,0.0,0.0,0.7274010518444847
UT_37.0_-114.0,9813.770764664077,196431.0,31.241878840746423,229.72726558083903,2.3408664323809742,3.473266192638497
UT_37.0_-113.0,9813.77076466412,8170.0,0.7897706345348837,72.62935691032999,0.7400759468709249,0.5820874745110501
UT_38.0_-114.0,9683.05348586108,7273.0,1.0871920604669154,0.0,0.0,0.7358196509173338
UT_38.0_-113.0,9683.053485861126,1694.0,0.8626335843611322,477.4247441780431,4.93051850715441,0.6219913918465122
UT_38.0_-112.0,9683.053485861074,2584.0,0.405384003663026,416.6885379632496,4.303276219342242,0.3403105776584064
UT_38.0_-110.0,9683.05348586114,9754.0,1.0253706873113488,407.4898325829305,4.208278237623421,0.7057527392682902
UT_39.0_-113.0,9549.343865047831,13315.0,0.7576397271759383,153.431037468447,1.6067181121210834,0.5639718449142572
UT_39.0_-112.0,9549.343865047786,29719.0,7.217544137492424,135.54860943573075,1.4194546908281478,2.1062713977000027
UT_39.0_-111.0,9549.343865047798,20517.0,5.354847792342948,0.0,0.0,1.849217953503757
UT_39.0_-110.0,9549.343865047871,37056.0,3.1915642401299436,226.4052187776398,2.3708981682638863,1.4330739912648476
UT_40.0_-114.0,9412.677897348784,79347.0,4.351544307111125,338.32607439520774,3.5943657913812412,1.6773851747897113
UT_40.0_-113.0,9412.677897348818,79347.0,4.351544307111125,387.1522971056024,4.113094077240739,1.6773851747897113
UT_40.0_-112.0,9412.677897348802,36642.0,12.020505466722952,1001.6125943645691,10.641101345310942,2.566525458355808
UT_40.0_-111.0,9412.677897348767,20185.0,2.4087211127734784,0.0,0.0,1.2263371807078634
UT_40.0_-110.0,9412.67789734883,37056.0,3.1915642401299436,0.0,0.0,1.4330739912648476
UT_41.0_-115.0,9273.092605123235,54047.0,1.2151223914543998,198.83066799481793,2.1441678247121914,0.7953076577061777
UT_41.0_-114.0,9273.092605123318,61246.0,4.0902908530205355,0.0,0.0,1.6273349709771432
UT_41.0_-113.0,9273.092605123331,61246.0,4.0902908530205355,474.4004177715254,5.115881378229975,1.6273349709771432
UT_41.0_-112.0,9273.092605123296,140046.0,46.42626759036103,333.6842823949176,3.5984142141593645,3.8591762437793498
VA_36.0_-84.0,9941.460731488802,32466.0,28.842785931285025,257.9025485290947,2.594211811471613,3.3959431332860506
VA_36.0_-83.0,9941.460731488842,160624.0,149.96550440481562,1064.7844120156537,10.71054285456289,5.017051363066558
VA_36.0_-82.0,9941.460731488782,26950.0,24.410715455914687,299.05041504422945,3.0081134264003193,3.2351709534061586
VA_36.0_-81.0,9941.460731488838,71425.0,51.77443665282927,1178.4934923316257,11.854329299906956,3.9660269191692024
VA_36.0_-80.0,9941.460731488824,22404.0,20.33038619866234,1018.409167140751,10.244059647240945,3.060132638210692
VA_36.0_-79.0,9941.460731488824,42322.0,64.74208972345575,419.0056358852011,4.214729074551716,4.185739355431734
VA_37.0_-83.0,9813.770764664108,56727.0,27.85780241081433,0.0,0.0,3.3623804039049996
VA_37.0_-82.0,9813.770764664085,20629.0,15.946711425826312,551.5574383286739,5.620239677032575,2.8300737988274474
VA_37.0_-81.0,9813.770764664097,12386.0,10.115753994731957,467.73193987380506,4.766077699287022,2.408363380898769
VA_37.0_-80.0,9813.770764664081,80894.0,41.0902408057056,847.1193648993043,8.631945713970431,3.7398159039755594
VA_37.0_-79.0,9813.770764664077,16976.0,11.308170375649405,135.68478643480648,1.3825958409723555,2.510263300039434
VA_37.0_-78.0,9813.770764663928,229359.0,1477.7803518632522,1176.7831151740263,11.991141258477574,7.298972940433266
VA_37.0_-77.0,9813.770764664094,39526.0,70.06606661413136,331.0609588618738,3.37343276912384,4.263609960071958
VA_37.0_-76.0,9813.770764664088,,,22.867769166681292,0.23301715227565767,
VA_38.0_-80.0,9683.053485861088,6043.0,3.352081801055768,120.30928370324835,1.2424725720963998,1.4706543055754713
VA_38.0_-79.0,9683.053485861135,23727.0,29.550114802139962,417.97128741896654,4.316523584520874,3.4193684434547325
VA_38.0_-78.0,9683.053485860963,163466.0,235.06662868292736,1435.5204058430475,14.825079794707023,5.464114090107086
VA_39.0_-79.0,9549.343865047846,23465.0,14.147180508645697,1243.483178817896,13.021660926561113,2.7178144095957983
VT_44.0_-74.0,8837.20643940333,78493.0,29.20383950143819,757.0913222396011,8.56708879022994,3.4079690521089634
WA_45.0_-123.0,8686.334654206134,801477.0,717.9539268443434,1026.7097491310392,11.819827234423688,6.577797276174604
WA_45.0_-122.0,8686.334654205868,23905.0,17.67497247129507,482.3920386756531,5.553459058155006,2.9271842569238222
WA_45.0_-121.0,8686.334654206044,1938.0,0.9085148809095606,527.139199277921,6.068603389839152,0.6463253903483118
WA_46.0_-124.0,8532.744091746395,23994.0,9.925438619213683,14.953208829544124,0.17524501694605085,2.391093888387515
WA_46.0_-123.0,8532.744091746621,85154.0,13.683368228273741,284.998836309353,3.340060750034926,2.6867154402111693
WA_46.0_-122.0,8532.744091746416,85154.0,13.683368228273741,0.0,0.0,2.6867154402111693
WA_46.0_-121.0,8532.744091746565,257152.0,23.119494876279596,576.4604884998776,6.755862853750276,3.183020429528568
WA_46.0_-120.0,8532.744091746408,212905.0,48.35112833623146,498.5738332935623,5.843065582803838,3.898960629574172
WA_46.0_-119.0,8532.74409174638,62161.0,18.897537639688398,64.55830743339614,0.756594909436492,2.9905959873753543
WA_46.0_-118.0,8532.74409174665,2353.0,1.2780716099232021,0.0,0.0,0.8233292999669048
WA_47.0_-125.0,8376.477943800053,,,0.0,0.0,
WA_47.0_-124.0,8376.477943799851,67982.0,27.35439094375827,1.6598401149305229,0.019815489589620573,3.3447819015582856
WA_47.0_-123.0,8376.477943800044,277881.0,271.54490983339645,1020.3086992436703,12.180640910048174,5.607803407252222
WA_47.0_-121.0,8376.477943800028,80172.0,10.596611274506522,88.3597410763324,1.0548555331866318,2.4507129239255394
WA_47.0_-120.0,8376.477943799839,101799.0,14.668454205109963,159.30276695488712,1.9017869804432659,2.751649404731753
WA_47.0_-119.0,8376.477943799779,11489.0,1.9198168681927068,297.96977158113197,3.5572202730108957,1.0715208979410757
WA_47.0_-118.0,8376.477943800059,549056.0,120.16144844030205,344.74645551392706,4.115649295884494,4.797123940860623
WA_48.0_-124.0,8217.580424336564,,,0.0,0.0,
WA_48.0_-123.0,8217.580424336804,131328.0,29.305927068609105,259.21935042767234,3.154448597302198,3.4113433062110126
WA_48.0_-122.0,8217.580424336606,131328.0,29.305927068609105,0.0,0.0,3.4113433062110126
WA_48.0_-121.0,8217.580424336755,43425.0,3.183796516323695,0.0,0.0,1.4312190918141146
WA_48.0_-120.0,8217.580424336564,43425.0,3.183796516323695,0.0,0.0,1.4312190918141146
WA_48.0_-119.0,8217.580424336573,7387.0,1.2945185557826666,0.0,0.0,0.8305230418902914
WA_48.0_-118.0,8217.580424336866,14050.0,3.8741336784627425,0.0,0.0,1.5839423816760523
WI_42.0_-91.0,9130.626039433137,21851.0,14.039582091725126,44.317534804242584,0.4853723568662766,2.7106855316811966
WI_42.0_-90.0,9130.626039433135,43768.0,29.94952652852496,436.4498848777234,4.780065276934941,3.432357701066093
WI_42.0_-89.0,9130.62603943311,105657.0,73.4460573618442,1051.8077437049574,11.519557795516294,4.31007480086871
WI_43.0_-92.0,8985.317280821679,14092.0,8.513843875962104,270.67773235719795,3.012444902028494,2.2527479879492422
WI_43.0_-91.0,8985.317280821671,17205.0,11.333094062877175,277.66169771958795,3.0901713210754522,2.5122862234806704
WI_43.0_-90.0,8985.317280821671,58272.0,29.387347959369475,1183.3579067599492,13.169906746484259,3.4140263362358776
WI_43.0_-89.0,8985.317280821686,88742.0,39.12700452878433,1003.1847642290776,11.164711638734017,3.692049537306025
WI_43.0_-88.0,8985.317280821679,92966.0,154.04597317693506,495.13732218704706,5.510515730411339,5.04372167408334
WI_44.0_-93.0,8837.206439403353,47943.0,24.46224291380094,344.6407549298481,3.899883490252793,3.237196684842196
WI_44.0_-92.0,8837.206439403351,30839.0,16.24495854694454,352.0216056803614,3.9834036705396723,2.8475198426134907
WI_44.0_-91.0,8837.20643940337,34739.0,11.087732132607044,139.09538862757552,1.5739746443783014,2.492191064947197
WI_44.0_-90.0,8837.206439403359,70832.0,34.14819732754893,646.3118939104967,7.313531695137499,3.5595733318078033
WI_44.0_-89.0,8837.206439403368,192826.0,116.77463798897813,747.6888636552208,8.460692513885643,4.7687729508303995
WI_44.0_-88.0,8837.206439403339,20664.0,23.297771479201657,223.49605208298104,2.5290350928824834,3.190384637466176
WI_45.0_-93.0,8686.334654206019,45555.0,19.237131599840207,257.7092777746179,2.9668357026727286,3.0075191150006413
WI_45.0_-92.0,8686.33465420599,14179.0,5.992861085276745,132.2518835759002,1.522528072434589,1.9448897836991312
WI_45.0_-91.0,8686.334654205979,14092.0,4.33867961391882,0.0,0.0,1.6749783590864085
WI_45.0_-90.0,8686.334654205966,28426.0,12.490289185728656,82.52149192751787,0.9500151123876002,2.6019701070342722
WI_45.0_-89.0,8686.334654205984,9369.0,3.5665123104324046,0.0,0.0,1.5187497429594754
WI_45.0_-88.0,8686.334654205979,23247.0,8.597092742075251,14.249298860012992,0.16404271107737475,2.261460213241528
WI_46.0_-93.0,8532.74409174649,36518.0,16.372305043852304,304.5276561452348,3.5689299113024706,2.8548772740309754
WI_46.0_-92.0,8532.744091746497,16575.0,4.330283014052227,0.0,0.0,1.6734043350893304
WI_46.0_-91.0,8532.744091746512,6210.0,3.1622946183343013,0.0,0.0,1.4260665131485495
WI_46.0_-90.0,8532.744091746521,14319.0,5.016258529762889,0.0,0.0,1.7944655594214847
WI_46.0_-89.0,8532.74409174654,8191.0,3.5201112468952753,0.0,0.0,1.5085366056862384
WV_37.0_-83.0,9813.770764664108,56727.0,27.85780241081433,0.0,0.0,3.3623804039049996
WV_37.0_-82.0,9813.770764664085,20629.0,15.946711425826312,551.5574383286739,5.620239677032575,2.8300737988274474
WV_37.0_-81.0,9813.770764664097,12386.0,10.115753994731957,467.73193987380506,4.766077699287022,2.408363380898769
WV_38.0_-82.0,9683.05348586108,176537.0,75.58893199828634,752.2179896203618,7.768396515817341,4.338452575422742
WV_39.0_-82.0,9549.34386504781,58978.0,36.032387332995256,406.863262434706,4.260641026069795,3.611792863087622
WV_39.0_-81.0,9549.343865047838,14078.0,15.180251430144287,294.2351263929311,3.0812077829753286,2.7837914510735318
WV_39.0_-80.0,9549.34386504782,34160.0,20.328247629281645,720.4307580325719,7.544295903611428,3.0600323738941597
WV_39.0_-79.0,9549.343865047846,23465.0,14.147180508645697,1243.483178817896,13.021660926561113,2.7178144095957983
WV_39.0_-78.0,9549.343865047696,287048.0,167.76513835854513,1474.860456704199,15.444626118266108,5.128508034520425
WY_41.0_-111.0,9273.092605123311,20644.0,3.828887028318027,236.4223984996871,2.5495528683609345,1.5746160121919957
WY_41.0_-110.0,9273.092605123351,41542.0,1.5382647499177664,369.9837373659683,3.9898635020807793,0.9314806782402313
WY_41.0_-109.0,9273.092605123282,41542.0,1.5382647499177664,344.7527912679634,3.717775783641924,0.9314806782402313
WY_41.0_-108.0,9273.092605123367,14463.0,0.7070619725279736,454.5136282857944,4.901424450723985,0.5347737480905967
WY_41.0_-107.0,9273.09260512335,14463.0,0.7070619725279736,250.676568832389,2.7032682569555178,0.5347737480905967
WY_41.0_-106.0,9273.092605123233,38249.0,3.455174609322493,295.7004995743882,3.18880132191302,1.4940662541664904
WY_41.0_-105.0,9273.092605123333,101060.0,14.527723152890236,785.8691020126316,8.474725051041151,2.742627016810956
WY_42.0_-111.0,9130.626039433075,8838.0,0.6983288211990177,0.0,0.0,0.5296447212016857
WY_42.0_-110.0,9130.626039433148,8838.0,0.6983288211990177,0.0,0.0,0.5296447212016857
WY_42.0_-109.0,9130.626039433077,39533.0,1.6620696492535378,0.0,0.0,0.979103883888169
WY_42.0_-108.0,9130.626039433135,79977.0,5.782057389911007,0.0,0.0,1.9142805057600951
WY_42.0_-107.0,9130.626039433086,79977.0,5.782057389911007,143.88578306380484,1.5758588999526983,1.9142805057600951
WY_42.0_-106.0,9130.626039432971,13762.0,1.2487768459007873,842.5055606952028,9.227248570433447,0.8103864443551099
WY_42.0_-105.0,9130.626039433075,12605.0,2.1867314385505097,69.36642894420903,0.7597116412897799,1.1589957640936035
WY_43.0_-111.0,8985.317280821684,23396.0,2.260093967150967,0.0,0.0,1.1817560192426426
WY_43.0_-110.0,8985.317280821728,39533.0,1.6620696492535378,0.0,0.0,0.979103883888169
WY_43.0_-109.0,8985.31728082164,39533.0,1.6620696492535378,0.0,0.0,0.979103883888169
WY_43.0_-108.0,8985.31728082169,79977.0,5.782057389911007,0.0,0.0,1.9142805057600951
WY_43.0_-107.0,8985.317280821679,8686.0,0.807308785972375,491.6045163206702,5.471198188737911,0.591838880227806
WY_43.0_-106.0,8985.31728082155,47240.0,3.7982545147267457,0.0,0.0,1.5682522090145203
WY_43.0_-105.0,8985.31728082166,2368.0,0.34816460246955755,0.0,0.0,0.2987441136924019
WY_44.0_-110.0,8837.206439403384,30449.0,1.6942439923477521,0.0,0.0,0.991117642687271
WY_44.0_-109.0,8837.20643940332,11828.0,1.455810868429001,0.0,0.0,0.8984569993509823
WY_44.0_-108.0,8837.20643940336,11828.0,1.455810868429001,146.33677414153553,1.6559166648981822,0.8984569993509823
WY_44.0_-107.0,8837.20643940338,8686.0,0.807308785972375,517.2454133566179,5.853042099936937,0.591838880227806
WY_44.0_-106.0,8837.206439403244,47240.0,3.7982545147267457,328.0420927965519,3.712056463158779,1.5682522090145203
WY_44.0_-105.0,8837.20643940336,7455.0,1.0083769104057658,265.5877982773361,3.0053365857012517,0.6973268886005604
